RecordNo,Label
1,spam
2,spam
3,spam
4,spam
5,spam
6,spam
7,spam
8,spam
9,spam
10,spam
11,spam
12,spam
13,spam
14,spam
15,spam
16,spam
17,spam
18,spam
19,spam
20,spam
21,spam
22,spam
23,spam
24,spam
25,spam
26,spam
27,spam
28,spam
29,spam
30,spam
31,spam
32,spam
33,spam
34,spam
35,spam
36,spam
37,spam
38,spam
39,spam
40,spam
41,spam
42,spam
43,spam
44,spam
45,spam
46,spam
47,spam
48,spam
49,spam
50,spam
51,spam
52,spam
53,spam
54,spam
55,spam
56,spam
57,spam
58,spam
59,spam
60,spam
61,spam
62,spam
63,spam
64,spam
65,spam
66,spam
67,spam
68,spam
69,spam
70,spam
71,spam
72,spam
73,spam
74,spam
75,spam
76,spam
77,spam
78,spam
79,spam
80,spam
81,spam
82,spam
83,spam
84,spam
85,spam
86,spam
87,spam
88,spam
89,spam
90,spam
91,spam
92,spam
93,spam
94,spam
95,spam
96,spam
97,spam
98,spam
99,spam
100,spam
101,spam
102,spam
103,spam
104,spam
105,spam
106,spam
107,spam
108,spam
109,spam
110,spam
111,spam
112,spam
113,spam
114,spam
115,spam
116,spam
117,spam
118,spam
119,spam
120,spam
121,spam
122,spam
123,spam
124,spam
125,spam
126,spam
127,spam
128,spam
129,spam
130,spam
131,spam
132,spam
133,spam
134,spam
135,spam
136,spam
137,spam
138,spam
139,spam
140,spam
141,spam
142,spam
143,spam
144,spam
145,spam
146,spam
147,spam
148,spam
149,spam
150,spam
151,spam
152,spam
153,spam
154,spam
155,spam
156,spam
157,spam
158,spam
159,spam
160,spam
161,spam
162,spam
163,spam
164,spam
165,spam
166,spam
167,spam
168,spam
169,spam
170,spam
171,spam
172,spam
173,spam
174,spam
175,spam
176,spam
177,spam
178,spam
179,spam
180,spam
181,spam
182,spam
183,spam
184,spam
185,spam
186,spam
187,spam
188,spam
189,spam
190,spam
191,spam
192,spam
193,spam
194,spam
195,spam
196,spam
197,spam
198,spam
199,spam
200,spam
201,spam
202,spam
203,spam
204,spam
205,spam
206,spam
207,spam
208,spam
209,spam
210,spam
211,spam
212,spam
213,spam
214,spam
215,spam
216,spam
217,spam
218,spam
219,spam
220,spam
221,spam
222,spam
223,spam
224,spam
225,spam
226,spam
227,spam
228,spam
229,spam
230,spam
231,spam
232,spam
233,spam
234,spam
235,spam
236,spam
237,spam
238,spam
239,spam
240,spam
241,spam
242,spam
243,spam
244,spam
245,spam
246,spam
247,spam
248,spam
249,spam
250,spam
251,spam
252,spam
253,spam
254,spam
255,spam
256,spam
257,spam
258,spam
259,spam
260,spam
261,spam
262,spam
263,spam
264,spam
265,spam
266,spam
267,spam
268,spam
269,spam
270,spam
271,spam
272,spam
273,spam
274,spam
275,spam
276,spam
277,spam
278,spam
279,spam
280,spam
281,spam
282,spam
283,spam
284,spam
285,spam
286,spam
287,spam
288,spam
289,spam
290,spam
291,spam
292,spam
293,spam
294,spam
295,spam
296,spam
297,spam
298,spam
299,spam
300,spam
301,spam
302,spam
303,spam
304,spam
305,spam
306,spam
307,spam
308,spam
309,spam
310,spam
311,spam
312,spam
313,spam
314,spam
315,spam
316,spam
317,spam
318,spam
319,spam
320,spam
321,spam
322,spam
323,spam
324,spam
325,spam
326,spam
327,spam
328,spam
329,spam
330,spam
331,spam
332,spam
333,spam
334,spam
335,spam
336,spam
337,spam
338,spam
339,spam
340,spam
341,spam
342,spam
343,spam
344,spam
345,spam
346,spam
347,spam
348,spam
349,spam
350,spam
351,spam
352,spam
353,spam
354,spam
355,spam
356,spam
357,spam
358,spam
359,spam
360,spam
361,spam
362,spam
363,spam
364,spam
365,spam
366,spam
367,spam
368,spam
369,spam
370,spam
371,spam
372,spam
373,spam
374,spam
375,spam
376,spam
377,spam
378,spam
379,spam
380,spam
381,spam
382,spam
383,spam
384,spam
385,spam
386,spam
387,spam
388,spam
389,spam
390,spam
391,spam
392,spam
393,spam
394,spam
395,spam
396,spam
397,spam
398,spam
399,spam
400,spam
401,spam
402,spam
403,spam
404,spam
405,spam
406,spam
407,spam
408,spam
409,spam
410,spam
411,spam
412,spam
413,spam
414,spam
415,spam
416,spam
417,spam
418,spam
419,spam
420,spam
421,spam
422,spam
423,spam
424,spam
425,spam
426,spam
427,spam
428,spam
429,spam
430,spam
431,spam
432,spam
433,spam
434,spam
435,spam
436,spam
437,spam
438,spam
439,spam
440,spam
441,spam
442,spam
443,spam
444,spam
445,spam
446,spam
447,spam
448,spam
449,spam
450,spam
451,spam
452,spam
453,spam
454,spam
455,spam
456,spam
457,spam
458,spam
459,spam
460,spam
461,spam
462,spam
463,spam
464,spam
465,spam
466,spam
467,spam
468,spam
469,spam
470,spam
471,spam
472,spam
473,spam
474,spam
475,spam
476,spam
477,spam
478,spam
479,spam
480,spam
481,spam
482,spam
483,spam
484,spam
485,spam
486,spam
487,spam
488,spam
489,spam
490,spam
491,spam
492,spam
493,spam
494,spam
495,spam
496,spam
497,spam
498,spam
499,spam
500,spam
501,spam
502,spam
503,spam
504,spam
505,spam
506,spam
507,spam
508,spam
509,spam
510,spam
511,spam
512,spam
513,spam
514,spam
515,spam
516,spam
517,spam
518,spam
519,spam
520,spam
521,spam
522,spam
523,spam
524,spam
525,spam
526,spam
527,spam
528,spam
529,spam
530,spam
531,spam
532,spam
533,spam
534,spam
535,spam
536,spam
537,spam
538,spam
539,spam
540,spam
541,spam
542,spam
543,spam
544,spam
545,spam
546,spam
547,spam
548,spam
549,spam
550,spam
551,spam
552,spam
553,spam
554,spam
555,spam
556,spam
557,spam
558,spam
559,spam
560,spam
561,spam
562,spam
563,spam
564,spam
565,spam
566,spam
567,spam
568,spam
569,spam
570,spam
571,spam
572,spam
573,spam
574,spam
575,spam
576,spam
577,spam
578,spam
579,spam
580,spam
581,spam
582,spam
583,spam
584,spam
585,spam
586,spam
587,spam
588,spam
589,spam
590,spam
591,spam
592,spam
593,spam
594,spam
595,spam
596,spam
597,spam
598,spam
599,spam
600,spam
601,spam
602,spam
603,spam
604,spam
605,spam
606,spam
607,spam
608,spam
609,spam
610,spam
611,spam
612,spam
613,spam
614,spam
615,spam
616,spam
617,spam
618,spam
619,spam
620,spam
621,spam
622,spam
623,spam
624,spam
625,spam
626,spam
627,spam
628,spam
629,spam
630,spam
631,spam
632,spam
633,spam
634,spam
635,spam
636,spam
637,spam
638,spam
639,spam
640,spam
641,spam
642,spam
643,spam
644,spam
645,spam
646,spam
647,spam
648,spam
649,spam
650,spam
651,spam
652,spam
653,spam
654,spam
655,spam
656,spam
657,spam
658,spam
659,spam
660,spam
661,spam
662,spam
663,spam
664,spam
665,spam
666,spam
667,spam
668,spam
669,spam
670,spam
671,spam
672,spam
673,spam
674,spam
675,spam
676,spam
677,spam
678,spam
679,spam
680,spam
681,spam
682,spam
683,spam
684,spam
685,spam
686,spam
687,spam
688,spam
689,spam
690,spam
691,spam
692,spam
693,spam
694,spam
695,spam
696,spam
697,spam
698,spam
699,spam
700,spam
701,spam
702,spam
703,spam
704,spam
705,spam
706,spam
707,spam
708,spam
709,spam
710,spam
711,spam
712,spam
713,spam
714,spam
715,spam
716,spam
717,spam
718,spam
719,spam
720,spam
721,spam
722,spam
723,spam
724,spam
725,spam
726,spam
727,spam
728,spam
729,spam
730,spam
731,spam
732,spam
733,spam
734,spam
735,spam
736,spam
737,spam
738,spam
739,spam
740,spam
741,spam
742,spam
743,spam
744,spam
745,spam
746,spam
747,spam
748,spam
749,spam
750,spam
751,spam
752,spam
753,spam
754,spam
755,spam
756,spam
757,spam
758,spam
759,spam
760,spam
761,spam
762,spam
763,spam
764,spam
765,spam
766,spam
767,spam
768,spam
769,spam
770,spam
771,spam
772,spam
773,spam
774,spam
775,spam
776,spam
777,spam
778,spam
779,spam
780,spam
781,spam
782,spam
783,spam
784,spam
785,spam
786,spam
787,spam
788,spam
789,spam
790,spam
791,spam
792,spam
793,spam
794,spam
795,spam
796,spam
797,spam
798,spam
799,spam
800,spam
801,spam
802,spam
803,spam
804,spam
805,spam
806,spam
807,spam
808,spam
809,spam
810,spam
811,spam
812,spam
813,spam
814,spam
815,spam
816,spam
817,spam
818,spam
819,spam
820,spam
821,spam
822,spam
823,spam
824,spam
825,spam
826,spam
827,spam
828,spam
829,spam
830,spam
831,spam
832,spam
833,spam
834,spam
835,spam
836,spam
837,spam
838,spam
839,spam
840,spam
841,spam
842,spam
843,spam
844,spam
845,spam
846,spam
847,spam
848,spam
849,spam
850,spam
851,spam
852,spam
853,spam
854,spam
855,spam
856,spam
857,spam
858,spam
859,spam
860,spam
861,spam
862,spam
863,spam
864,spam
865,spam
866,spam
867,spam
868,spam
869,spam
870,spam
871,spam
872,spam
873,spam
874,spam
875,spam
876,spam
877,spam
878,spam
879,spam
880,spam
881,spam
882,spam
883,spam
884,spam
885,spam
886,spam
887,spam
888,spam
889,spam
890,spam
891,spam
892,spam
893,spam
894,spam
895,spam
896,spam
897,spam
898,spam
899,spam
900,spam
901,spam
902,spam
903,spam
904,spam
905,spam
906,spam
907,spam
908,spam
909,spam
910,spam
911,spam
912,spam
913,spam
914,spam
915,spam
916,spam
917,spam
918,spam
919,spam
920,spam
921,spam
922,spam
923,spam
924,spam
925,spam
926,spam
927,spam
928,spam
929,spam
930,spam
931,spam
932,spam
933,spam
934,spam
935,spam
936,spam
937,spam
938,spam
939,spam
940,spam
941,spam
942,spam
943,spam
944,spam
945,spam
946,spam
947,spam
948,spam
949,spam
950,spam
951,spam
952,spam
953,spam
954,spam
955,spam
956,spam
957,spam
958,spam
959,spam
960,spam
961,spam
962,spam
963,spam
964,spam
965,spam
966,spam
967,spam
968,spam
969,spam
970,spam
971,spam
972,spam
973,spam
974,spam
975,spam
976,spam
977,spam
978,spam
979,spam
980,spam
981,spam
982,spam
983,spam
984,spam
985,spam
986,spam
987,spam
988,spam
989,spam
990,spam
991,spam
992,spam
993,spam
994,spam
995,spam
996,spam
997,spam
998,spam
999,spam
1000,spam
1001,spam
1002,spam
1003,spam
1004,spam
1005,spam
1006,spam
1007,spam
1008,spam
1009,spam
1010,spam
1011,spam
1012,spam
1013,spam
1014,spam
1015,spam
1016,spam
1017,spam
1018,spam
1019,spam
1020,spam
1021,spam
1022,spam
1023,spam
1024,spam
1025,spam
1026,spam
1027,spam
1028,spam
1029,spam
1030,spam
1031,spam
1032,spam
1033,spam
1034,spam
1035,spam
1036,spam
1037,spam
1038,spam
1039,spam
1040,spam
1041,spam
1042,spam
1043,spam
1044,spam
1045,spam
1046,spam
1047,spam
1048,spam
1049,spam
1050,spam
1051,spam
1052,spam
1053,spam
1054,spam
1055,spam
1056,spam
1057,spam
1058,spam
1059,spam
1060,spam
1061,spam
1062,spam
1063,spam
1064,spam
1065,spam
1066,spam
1067,spam
1068,spam
1069,spam
1070,spam
1071,spam
1072,spam
1073,spam
1074,spam
1075,spam
1076,spam
1077,spam
1078,spam
1079,spam
1080,spam
1081,spam
1082,spam
1083,spam
1084,spam
1085,spam
1086,spam
1087,spam
1088,spam
1089,spam
1090,spam
1091,spam
1092,spam
1093,spam
1094,spam
1095,spam
1096,spam
1097,spam
1098,spam
1099,spam
1100,spam
1101,spam
1102,spam
1103,spam
1104,spam
1105,spam
1106,spam
1107,spam
1108,spam
1109,spam
1110,spam
1111,spam
1112,spam
1113,spam
1114,spam
1115,spam
1116,spam
1117,spam
1118,spam
1119,spam
1120,spam
1121,spam
1122,spam
1123,spam
1124,spam
1125,spam
1126,spam
1127,spam
1128,spam
1129,spam
1130,spam
1131,spam
1132,spam
1133,spam
1134,spam
1135,spam
1136,spam
1137,spam
1138,spam
1139,spam
1140,spam
1141,spam
1142,spam
1143,spam
1144,spam
1145,spam
1146,spam
1147,spam
1148,spam
1149,spam
1150,spam
1151,spam
1152,spam
1153,spam
1154,spam
1155,spam
1156,spam
1157,spam
1158,spam
1159,spam
1160,spam
1161,spam
1162,spam
1163,spam
1164,spam
1165,spam
1166,spam
1167,spam
1168,spam
1169,spam
1170,spam
1171,spam
1172,spam
1173,spam
1174,spam
1175,spam
1176,spam
1177,spam
1178,spam
1179,spam
1180,spam
1181,spam
1182,spam
1183,spam
1184,spam
1185,spam
1186,spam
1187,spam
1188,spam
1189,spam
1190,spam
1191,spam
1192,spam
1193,spam
1194,spam
1195,spam
1196,spam
1197,spam
1198,spam
1199,spam
1200,spam
1201,spam
1202,spam
1203,spam
1204,spam
1205,spam
1206,spam
1207,spam
1208,spam
1209,spam
1210,spam
1211,spam
1212,spam
1213,spam
1214,spam
1215,spam
1216,spam
1217,spam
1218,spam
1219,spam
1220,spam
1221,spam
1222,spam
1223,spam
1224,spam
1225,spam
1226,spam
1227,spam
1228,spam
1229,spam
1230,spam
1231,spam
1232,spam
1233,spam
1234,spam
1235,spam
1236,spam
1237,spam
1238,spam
1239,spam
1240,spam
1241,spam
1242,spam
1243,spam
1244,spam
1245,spam
1246,spam
1247,spam
1248,spam
1249,spam
1250,spam
1251,spam
1252,spam
1253,spam
1254,spam
1255,spam
1256,spam
1257,spam
1258,spam
1259,spam
1260,spam
1261,spam
1262,spam
1263,spam
1264,spam
1265,spam
1266,spam
1267,spam
1268,spam
1269,spam
1270,spam
1271,spam
1272,spam
1273,spam
1274,spam
1275,spam
1276,spam
1277,spam
1278,spam
1279,spam
1280,spam
1281,spam
1282,spam
1283,spam
1284,spam
1285,spam
1286,spam
1287,spam
1288,spam
1289,spam
1290,spam
1291,spam
1292,spam
1293,spam
1294,spam
1295,spam
1296,spam
1297,spam
1298,spam
1299,spam
1300,spam
1301,spam
1302,spam
1303,spam
1304,spam
1305,spam
1306,spam
1307,spam
1308,spam
1309,spam
1310,spam
1311,spam
1312,spam
1313,spam
1314,spam
1315,spam
1316,spam
1317,spam
1318,spam
1319,spam
1320,spam
1321,spam
1322,spam
1323,spam
1324,spam
1325,spam
1326,spam
1327,spam
1328,spam
1329,spam
1330,spam
1331,spam
1332,spam
1333,spam
1334,spam
1335,spam
1336,spam
1337,spam
1338,spam
1339,spam
1340,spam
1341,spam
1342,spam
1343,spam
1344,spam
1345,spam
1346,spam
1347,spam
1348,spam
1349,spam
1350,spam
1351,spam
1352,spam
1353,spam
1354,spam
1355,spam
1356,spam
1357,spam
1358,spam
1359,spam
1360,spam
1361,spam
1362,spam
1363,spam
1364,spam
1365,spam
1366,spam
1367,spam
1368,spam
1369,spam
1370,spam
1371,spam
1372,spam
1373,spam
1374,spam
1375,spam
1376,spam
1377,spam
1378,spam
1379,spam
1380,spam
1381,spam
1382,spam
1383,spam
1384,spam
1385,spam
1386,spam
1387,spam
1388,spam
1389,spam
1390,spam
1391,spam
1392,spam
1393,spam
1394,spam
1395,spam
1396,spam
1397,spam
1398,spam
1399,spam
1400,spam
1401,spam
1402,spam
1403,spam
1404,spam
1405,spam
1406,spam
1407,spam
1408,spam
1409,spam
1410,spam
1411,spam
1412,spam
1413,spam
1414,spam
1415,spam
1416,spam
1417,spam
1418,spam
1419,spam
1420,spam
1421,spam
1422,spam
1423,spam
1424,spam
1425,spam
1426,spam
1427,spam
1428,spam
1429,spam
1430,spam
1431,spam
1432,spam
1433,spam
1434,spam
1435,spam
1436,spam
1437,spam
1438,spam
1439,spam
1440,spam
1441,spam
1442,spam
1443,spam
1444,spam
1445,spam
1446,spam
1447,spam
1448,spam
1449,spam
1450,spam
1451,spam
1452,spam
1453,spam
1454,spam
1455,spam
1456,spam
1457,spam
1458,spam
1459,spam
1460,spam
1461,spam
1462,spam
1463,spam
1464,spam
1465,spam
1466,spam
1467,spam
1468,spam
1469,spam
1470,spam
1471,spam
1472,spam
1473,spam
1474,spam
1475,spam
1476,spam
1477,spam
1478,spam
1479,spam
1480,spam
1481,spam
1482,spam
1483,spam
1484,spam
1485,spam
1486,spam
1487,spam
1488,spam
1489,spam
1490,spam
1491,spam
1492,spam
1493,spam
1494,spam
1495,spam
1496,spam
1497,spam
1498,spam
1499,spam
1500,spam
1501,spam
1502,spam
1503,spam
1504,spam
1505,spam
1506,spam
1507,spam
1508,spam
1509,spam
1510,spam
1511,spam
1512,spam
1513,spam
1514,spam
1515,spam
1516,spam
1517,spam
1518,spam
1519,spam
1520,spam
1521,spam
1522,spam
1523,spam
1524,spam
1525,spam
1526,spam
1527,spam
1528,spam
1529,spam
1530,spam
1531,spam
1532,spam
1533,spam
1534,spam
1535,spam
1536,spam
1537,spam
1538,spam
1539,spam
1540,spam
1541,spam
1542,spam
1543,spam
1544,spam
1545,spam
1546,spam
1547,spam
1548,spam
1549,spam
1550,spam
1551,spam
1552,spam
1553,spam
1554,spam
1555,spam
1556,spam
1557,spam
1558,spam
1559,spam
1560,spam
1561,spam
1562,spam
1563,spam
1564,spam
1565,spam
1566,spam
1567,spam
1568,spam
1569,spam
1570,spam
1571,spam
1572,spam
1573,spam
1574,spam
1575,spam
1576,spam
1577,spam
1578,spam
1579,spam
1580,spam
1581,spam
1582,spam
1583,spam
1584,spam
1585,spam
1586,spam
1587,spam
1588,spam
1589,spam
1590,spam
1591,spam
1592,spam
1593,spam
1594,spam
1595,spam
1596,spam
1597,spam
1598,spam
1599,spam
1600,spam
1601,spam
1602,spam
1603,spam
1604,spam
1605,spam
1606,spam
1607,spam
1608,spam
1609,spam
1610,spam
1611,spam
1612,spam
1613,spam
1614,spam
1615,spam
1616,spam
1617,spam
1618,spam
1619,spam
1620,spam
1621,spam
1622,spam
1623,spam
1624,spam
1625,spam
1626,spam
1627,spam
1628,spam
1629,spam
1630,spam
1631,spam
1632,spam
1633,spam
1634,spam
1635,spam
1636,spam
1637,spam
1638,spam
1639,spam
1640,spam
1641,spam
1642,spam
1643,spam
1644,spam
1645,spam
1646,spam
1647,spam
1648,spam
1649,spam
1650,spam
1651,spam
1652,spam
1653,spam
1654,spam
1655,spam
1656,spam
1657,spam
1658,spam
1659,spam
1660,spam
1661,spam
1662,spam
1663,spam
1664,spam
1665,spam
1666,spam
1667,spam
1668,spam
1669,spam
1670,spam
1671,spam
1672,spam
1673,spam
1674,spam
1675,spam
1676,spam
1677,spam
1678,spam
1679,spam
1680,spam
1681,spam
1682,spam
1683,spam
1684,spam
1685,spam
1686,spam
1687,spam
1688,spam
1689,spam
1690,spam
1691,spam
1692,spam
1693,spam
1694,spam
1695,spam
1696,spam
1697,spam
1698,spam
1699,spam
1700,spam
1701,spam
1702,spam
1703,spam
1704,spam
1705,spam
1706,spam
1707,spam
1708,spam
1709,spam
1710,spam
1711,spam
1712,spam
1713,spam
1714,spam
1715,spam
1716,spam
1717,spam
1718,spam
1719,spam
1720,spam
1721,spam
1722,spam
1723,spam
1724,spam
1725,spam
1726,spam
1727,spam
1728,spam
1729,spam
1730,spam
1731,spam
1732,spam
1733,spam
1734,spam
1735,spam
1736,spam
1737,spam
1738,spam
1739,spam
1740,spam
1741,spam
1742,spam
1743,spam
1744,spam
1745,spam
1746,spam
1747,spam
1748,spam
1749,spam
1750,spam
1751,spam
1752,spam
1753,spam
1754,spam
1755,spam
1756,spam
1757,spam
1758,spam
1759,spam
1760,spam
1761,spam
1762,spam
1763,spam
1764,spam
1765,spam
1766,spam
1767,spam
1768,spam
1769,spam
1770,spam
1771,spam
1772,spam
1773,spam
1774,spam
1775,spam
1776,spam
1777,spam
1778,spam
1779,spam
1780,spam
1781,spam
1782,spam
1783,spam
1784,spam
1785,spam
1786,spam
1787,spam
1788,spam
1789,spam
1790,spam
1791,spam
1792,spam
1793,spam
1794,spam
1795,spam
1796,spam
1797,spam
1798,spam
1799,spam
1800,spam
1801,spam
1802,spam
1803,spam
1804,spam
1805,spam
1806,spam
1807,spam
1808,spam
1809,spam
1810,spam
1811,spam
1812,spam
1813,spam
1814,spam
1815,spam
1816,spam
1817,spam
1818,spam
1819,spam
1820,spam
1821,spam
1822,spam
1823,spam
1824,spam
1825,spam
1826,spam
1827,spam
1828,spam
1829,spam
1830,spam
1831,spam
1832,spam
1833,spam
1834,spam
1835,spam
1836,spam
1837,spam
1838,spam
1839,spam
1840,spam
1841,spam
1842,spam
1843,spam
1844,spam
1845,spam
1846,spam
1847,spam
1848,spam
1849,spam
1850,spam
1851,spam
1852,spam
1853,spam
1854,spam
1855,spam
1856,spam
1857,spam
1858,spam
1859,spam
1860,spam
1861,spam
1862,spam
1863,spam
1864,spam
1865,spam
1866,spam
1867,spam
1868,spam
1869,spam
1870,spam
1871,spam
1872,spam
1873,spam
1874,spam
1875,spam
1876,spam
1877,spam
1878,spam
1879,spam
1880,spam
1881,spam
1882,spam
1883,spam
1884,spam
1885,spam
1886,spam
1887,spam
1888,spam
1889,spam
1890,spam
1891,spam
1892,spam
1893,spam
1894,spam
1895,spam
1896,spam
1897,spam
1898,spam
1899,spam
1900,spam
1901,spam
1902,spam
1903,spam
1904,spam
1905,spam
1906,spam
1907,spam
1908,spam
1909,spam
1910,spam
1911,spam
1912,spam
1913,spam
1914,spam
1915,spam
1916,spam
1917,spam
1918,spam
1919,spam
1920,spam
1921,spam
1922,spam
1923,spam
1924,spam
1925,spam
1926,spam
1927,spam
1928,spam
1929,spam
1930,spam
1931,spam
1932,spam
1933,spam
1934,spam
1935,spam
1936,spam
1937,spam
1938,spam
1939,spam
1940,spam
1941,spam
1942,spam
1943,spam
1944,spam
1945,spam
1946,spam
1947,spam
1948,spam
1949,spam
1950,spam
1951,spam
1952,spam
1953,spam
1954,spam
1955,spam
1956,spam
1957,spam
1958,spam
1959,spam
1960,spam
1961,spam
1962,spam
1963,spam
1964,spam
1965,spam
1966,spam
1967,spam
1968,spam
1969,spam
1970,spam
1971,spam
1972,spam
1973,spam
1974,spam
1975,spam
1976,spam
1977,spam
1978,spam
1979,spam
1980,spam
1981,spam
1982,spam
1983,spam
1984,spam
1985,spam
1986,spam
1987,spam
1988,spam
1989,spam
1990,spam
1991,spam
1992,spam
1993,spam
1994,spam
1995,spam
1996,spam
1997,spam
1998,spam
1999,spam
2000,spam
2001,spam
2002,spam
2003,spam
2004,spam
2005,spam
2006,spam
2007,spam
2008,spam
2009,spam
2010,spam
2011,spam
2012,spam
2013,spam
2014,spam
2015,spam
2016,spam
2017,spam
2018,spam
2019,spam
2020,spam
2021,spam
2022,spam
2023,spam
2024,spam
2025,spam
2026,spam
2027,spam
2028,spam
2029,spam
2030,spam
2031,spam
2032,spam
2033,spam
2034,spam
2035,spam
2036,spam
2037,spam
2038,spam
2039,spam
2040,spam
2041,spam
2042,spam
2043,spam
2044,spam
2045,spam
2046,spam
2047,spam
2048,spam
2049,spam
2050,spam
2051,spam
2052,spam
2053,spam
2054,spam
2055,spam
2056,spam
2057,spam
2058,spam
2059,spam
2060,spam
2061,spam
2062,spam
2063,spam
2064,spam
2065,spam
2066,spam
2067,spam
2068,spam
2069,spam
2070,spam
2071,spam
2072,spam
2073,spam
2074,spam
2075,spam
2076,spam
2077,spam
2078,spam
2079,spam
2080,spam
2081,spam
2082,spam
2083,spam
2084,spam
2085,spam
2086,spam
2087,spam
2088,spam
2089,spam
2090,spam
2091,spam
2092,spam
2093,spam
2094,spam
2095,spam
2096,spam
2097,spam
2098,spam
2099,spam
2100,spam
2101,spam
2102,spam
2103,spam
2104,spam
2105,spam
2106,spam
2107,spam
2108,spam
2109,spam
2110,spam
2111,spam
2112,spam
2113,spam
2114,spam
2115,spam
2116,spam
2117,spam
2118,spam
2119,spam
2120,spam
2121,spam
2122,spam
2123,spam
2124,spam
2125,spam
2126,spam
2127,spam
2128,spam
2129,spam
2130,spam
2131,spam
2132,spam
2133,spam
2134,spam
2135,spam
2136,spam
2137,spam
2138,spam
2139,spam
2140,spam
2141,spam
2142,spam
2143,spam
2144,spam
2145,spam
2146,spam
2147,spam
2148,spam
2149,spam
2150,spam
2151,spam
2152,spam
2153,spam
2154,spam
2155,spam
2156,spam
2157,spam
2158,spam
2159,spam
2160,spam
2161,spam
2162,spam
2163,spam
2164,spam
2165,spam
2166,spam
2167,spam
2168,spam
2169,spam
2170,spam
2171,spam
2172,spam
2173,spam
2174,spam
2175,spam
2176,spam
2177,spam
2178,spam
2179,spam
2180,spam
2181,spam
2182,spam
2183,spam
2184,spam
2185,spam
2186,spam
2187,spam
2188,spam
2189,spam
2190,spam
2191,spam
2192,spam
2193,spam
2194,spam
2195,spam
2196,spam
2197,spam
2198,spam
2199,spam
2200,spam
2201,spam
2202,spam
2203,spam
2204,spam
2205,spam
2206,spam
2207,spam
2208,spam
2209,spam
2210,spam
2211,spam
2212,spam
2213,spam
2214,spam
2215,spam
2216,spam
2217,spam
2218,spam
2219,spam
2220,spam
2221,spam
2222,spam
2223,spam
2224,spam
2225,spam
2226,spam
2227,spam
2228,spam
2229,spam
2230,spam
2231,spam
2232,spam
2233,spam
2234,spam
2235,spam
2236,spam
2237,spam
2238,spam
2239,spam
2240,spam
2241,spam
2242,spam
2243,spam
2244,spam
2245,spam
2246,spam
2247,spam
2248,spam
2249,spam
2250,spam
2251,spam
2252,spam
2253,spam
2254,spam
2255,spam
2256,spam
2257,spam
2258,spam
2259,spam
2260,spam
2261,spam
2262,spam
2263,spam
2264,spam
2265,spam
2266,spam
2267,spam
2268,spam
2269,spam
2270,spam
2271,spam
2272,spam
2273,spam
2274,spam
2275,spam
2276,spam
2277,spam
2278,spam
2279,spam
2280,spam
2281,spam
2282,spam
2283,spam
2284,spam
2285,spam
2286,spam
2287,spam
2288,spam
2289,spam
2290,spam
2291,spam
2292,spam
2293,spam
2294,spam
2295,spam
2296,spam
2297,spam
2298,spam
2299,spam
2300,spam
2301,spam
2302,spam
2303,spam
2304,spam
2305,spam
2306,spam
2307,spam
2308,spam
2309,spam
2310,spam
2311,spam
2312,spam
2313,spam
2314,spam
2315,spam
2316,spam
2317,spam
2318,spam
2319,spam
2320,spam
2321,spam
2322,spam
2323,spam
2324,spam
2325,spam
2326,spam
2327,spam
2328,spam
2329,spam
2330,spam
2331,spam
2332,spam
2333,spam
2334,spam
2335,spam
2336,spam
2337,spam
2338,spam
2339,spam
2340,spam
2341,spam
2342,spam
2343,spam
2344,spam
2345,spam
2346,spam
2347,spam
2348,spam
2349,spam
2350,spam
2351,spam
2352,spam
2353,spam
2354,spam
2355,spam
2356,spam
2357,spam
2358,spam
2359,spam
2360,spam
2361,spam
2362,spam
2363,spam
2364,spam
2365,spam
2366,spam
2367,spam
2368,spam
2369,spam
2370,spam
2371,spam
2372,spam
2373,spam
2374,spam
2375,spam
2376,spam
2377,spam
2378,spam
2379,spam
2380,spam
2381,spam
2382,spam
2383,spam
2384,spam
2385,spam
2386,spam
2387,spam
2388,spam
2389,spam
2390,spam
2391,spam
2392,spam
2393,spam
2394,spam
2395,spam
2396,spam
2397,spam
2398,spam
2399,spam
2400,spam
2401,spam
2402,spam
2403,spam
2404,spam
2405,spam
2406,spam
2407,spam
2408,spam
2409,spam
2410,spam
2411,spam
2412,spam
2413,spam
2414,spam
2415,spam
2416,spam
2417,spam
2418,spam
2419,spam
2420,spam
2421,spam
2422,spam
2423,spam
2424,spam
2425,spam
2426,spam
2427,spam
2428,spam
2429,spam
2430,spam
2431,spam
2432,spam
2433,spam
2434,spam
2435,spam
2436,spam
2437,spam
2438,spam
2439,spam
2440,spam
2441,spam
2442,spam
2443,spam
2444,spam
2445,spam
2446,spam
2447,spam
2448,spam
2449,spam
2450,spam
2451,spam
2452,spam
2453,spam
2454,spam
2455,spam
2456,spam
2457,spam
2458,spam
2459,spam
2460,spam
2461,spam
2462,spam
2463,spam
2464,spam
2465,spam
2466,spam
2467,spam
2468,spam
2469,spam
2470,spam
2471,spam
2472,spam
2473,spam
2474,spam
2475,spam
2476,spam
2477,spam
2478,spam
2479,spam
2480,spam
2481,spam
2482,spam
2483,spam
2484,spam
2485,spam
2486,spam
2487,spam
2488,spam
2489,spam
2490,spam
2491,spam
2492,spam
2493,spam
2494,spam
2495,spam
2496,spam
2497,spam
2498,spam
2499,spam
2500,spam
2501,spam
2502,spam
2503,spam
2504,spam
2505,spam
2506,spam
2507,spam
2508,spam
2509,spam
2510,spam
2511,spam
2512,spam
2513,spam
2514,spam
2515,spam
2516,spam
2517,spam
2518,spam
2519,spam
2520,spam
2521,spam
2522,spam
2523,spam
2524,spam
2525,spam
2526,spam
2527,spam
2528,spam
2529,spam
2530,spam
2531,spam
2532,spam
2533,spam
2534,spam
2535,spam
2536,spam
2537,spam
2538,spam
2539,spam
2540,spam
2541,spam
2542,spam
2543,spam
2544,spam
2545,spam
2546,spam
2547,spam
2548,spam
2549,spam
2550,spam
2551,spam
2552,spam
2553,spam
2554,spam
2555,spam
2556,spam
2557,spam
2558,spam
2559,spam
2560,spam
2561,spam
2562,spam
2563,spam
2564,spam
2565,spam
2566,spam
2567,spam
2568,spam
2569,spam
2570,spam
2571,spam
2572,spam
2573,spam
2574,spam
2575,spam
2576,spam
2577,spam
2578,spam
2579,spam
2580,spam
2581,spam
2582,spam
2583,spam
2584,spam
2585,spam
2586,spam
2587,spam
2588,spam
2589,spam
2590,spam
2591,spam
2592,spam
2593,spam
2594,spam
2595,spam
2596,spam
2597,spam
2598,spam
2599,spam
2600,spam
2601,spam
2602,spam
2603,spam
2604,spam
2605,spam
2606,spam
2607,spam
2608,spam
2609,spam
2610,spam
2611,spam
2612,spam
2613,spam
2614,spam
2615,spam
2616,spam
2617,spam
2618,spam
2619,spam
2620,spam
2621,spam
2622,spam
2623,spam
2624,spam
2625,spam
2626,spam
2627,spam
2628,spam
2629,spam
2630,spam
2631,spam
2632,spam
2633,spam
2634,spam
2635,spam
2636,spam
2637,spam
2638,spam
2639,spam
2640,spam
2641,spam
2642,spam
2643,spam
2644,spam
2645,spam
2646,spam
2647,spam
2648,spam
2649,spam
2650,spam
2651,spam
2652,spam
2653,spam
2654,spam
2655,spam
2656,spam
2657,spam
2658,spam
2659,spam
2660,spam
2661,spam
2662,spam
2663,spam
2664,spam
2665,spam
2666,spam
2667,spam
2668,spam
2669,spam
2670,spam
2671,spam
2672,spam
2673,spam
2674,spam
2675,spam
2676,spam
2677,spam
2678,spam
2679,spam
2680,spam
2681,spam
2682,spam
2683,spam
2684,spam
2685,spam
2686,spam
2687,spam
2688,spam
2689,spam
2690,spam
2691,spam
2692,spam
2693,spam
2694,spam
2695,spam
2696,spam
2697,spam
2698,spam
2699,spam
2700,spam
2701,spam
2702,spam
2703,spam
2704,spam
2705,spam
2706,spam
2707,spam
2708,spam
2709,spam
2710,spam
2711,spam
2712,spam
2713,spam
2714,spam
2715,spam
2716,spam
2717,spam
2718,spam
2719,spam
2720,spam
2721,spam
2722,spam
2723,spam
2724,spam
2725,spam
2726,spam
2727,spam
2728,spam
2729,spam
2730,spam
2731,spam
2732,spam
2733,spam
2734,spam
2735,spam
2736,spam
2737,spam
2738,spam
2739,spam
2740,spam
2741,spam
2742,spam
2743,spam
2744,spam
2745,spam
2746,spam
2747,spam
2748,spam
2749,spam
2750,spam
2751,spam
2752,spam
2753,spam
2754,spam
2755,spam
2756,spam
2757,spam
2758,spam
2759,spam
2760,spam
2761,spam
2762,spam
2763,spam
2764,spam
2765,spam
2766,spam
2767,spam
2768,spam
2769,spam
2770,spam
2771,spam
2772,spam
2773,spam
2774,spam
2775,spam
2776,spam
2777,spam
2778,spam
2779,spam
2780,spam
2781,spam
2782,spam
2783,spam
2784,spam
2785,spam
2786,spam
2787,spam
2788,spam
2789,spam
2790,spam
2791,spam
2792,spam
2793,spam
2794,spam
2795,spam
2796,spam
2797,spam
2798,spam
2799,spam
2800,spam
2801,spam
2802,spam
2803,spam
2804,spam
2805,spam
2806,spam
2807,spam
2808,spam
2809,spam
2810,spam
2811,spam
2812,spam
2813,spam
2814,spam
2815,spam
2816,spam
2817,spam
2818,spam
2819,spam
2820,spam
2821,spam
2822,spam
2823,spam
2824,spam
2825,spam
2826,spam
2827,spam
2828,spam
2829,spam
2830,spam
2831,spam
2832,spam
2833,spam
2834,spam
2835,spam
2836,spam
2837,spam
2838,spam
2839,spam
2840,spam
2841,spam
2842,spam
2843,spam
2844,spam
2845,spam
2846,spam
2847,spam
2848,spam
2849,spam
2850,spam
2851,spam
2852,spam
2853,spam
2854,spam
2855,spam
2856,spam
2857,spam
2858,spam
2859,spam
2860,spam
2861,spam
2862,spam
2863,spam
2864,spam
2865,spam
2866,spam
2867,spam
2868,spam
2869,spam
2870,spam
2871,spam
2872,spam
2873,spam
2874,spam
2875,spam
2876,spam
2877,spam
2878,spam
2879,spam
2880,spam
2881,spam
2882,spam
2883,spam
2884,spam
2885,spam
2886,spam
2887,spam
2888,spam
2889,spam
2890,spam
2891,spam
2892,spam
2893,spam
2894,spam
2895,spam
2896,spam
2897,spam
2898,spam
2899,spam
2900,spam
2901,spam
2902,spam
2903,spam
2904,spam
2905,spam
2906,spam
2907,spam
2908,spam
2909,spam
2910,spam
2911,spam
2912,spam
2913,spam
2914,spam
2915,spam
2916,spam
2917,spam
2918,spam
2919,spam
2920,spam
2921,spam
2922,spam
2923,spam
2924,spam
2925,spam
2926,spam
2927,spam
2928,spam
2929,spam
2930,spam
2931,spam
2932,spam
2933,spam
2934,spam
2935,spam
2936,spam
2937,spam
2938,spam
2939,spam
2940,spam
2941,spam
2942,spam
2943,spam
2944,spam
2945,spam
2946,spam
2947,spam
2948,spam
2949,spam
2950,spam
2951,spam
2952,spam
2953,spam
2954,spam
2955,spam
2956,spam
2957,spam
2958,spam
2959,spam
2960,spam
2961,spam
2962,spam
2963,spam
2964,spam
2965,spam
2966,spam
2967,spam
2968,spam
2969,spam
2970,spam
2971,spam
2972,spam
2973,spam
2974,spam
2975,spam
2976,spam
2977,spam
2978,spam
2979,spam
2980,spam
2981,spam
2982,spam
2983,spam
2984,spam
2985,spam
2986,spam
2987,spam
2988,spam
2989,spam
2990,spam
2991,spam
2992,spam
2993,spam
2994,spam
2995,spam
2996,spam
2997,spam
2998,spam
2999,spam
3000,spam
3001,spam
3002,spam
3003,spam
3004,spam
3005,spam
3006,spam
3007,spam
3008,spam
3009,spam
3010,spam
3011,spam
3012,spam
3013,spam
3014,spam
3015,spam
3016,spam
3017,spam
3018,spam
3019,spam
3020,spam
3021,spam
3022,spam
3023,spam
3024,spam
3025,spam
3026,spam
3027,spam
3028,spam
3029,spam
3030,spam
3031,spam
3032,spam
3033,spam
3034,spam
3035,spam
3036,spam
3037,spam
3038,spam
3039,spam
3040,spam
3041,spam
3042,spam
3043,spam
3044,spam
3045,spam
3046,spam
3047,spam
3048,spam
3049,spam
3050,spam
3051,spam
3052,spam
3053,spam
3054,spam
3055,spam
3056,spam
3057,spam
3058,spam
3059,spam
3060,spam
3061,spam
3062,spam
3063,spam
3064,spam
3065,spam
3066,spam
3067,spam
3068,spam
3069,spam
3070,spam
3071,spam
3072,spam
3073,spam
3074,spam
3075,spam
3076,spam
3077,spam
3078,spam
3079,spam
3080,spam
3081,spam
3082,spam
3083,spam
3084,spam
3085,spam
3086,spam
3087,spam
3088,spam
3089,spam
3090,spam
3091,spam
3092,spam
3093,spam
3094,spam
3095,spam
3096,spam
3097,spam
3098,spam
3099,spam
3100,spam
3101,spam
3102,spam
3103,spam
3104,spam
3105,spam
3106,spam
3107,spam
3108,spam
3109,spam
3110,spam
3111,spam
3112,spam
3113,spam
3114,spam
3115,spam
3116,spam
3117,spam
3118,spam
3119,spam
3120,spam
3121,spam
3122,spam
3123,spam
3124,spam
3125,spam
3126,spam
3127,spam
3128,spam
3129,spam
3130,spam
3131,spam
3132,spam
3133,spam
3134,spam
3135,spam
3136,spam
3137,spam
3138,spam
3139,spam
3140,spam
3141,spam
3142,spam
3143,spam
3144,spam
3145,spam
3146,spam
3147,spam
3148,spam
3149,spam
3150,spam
3151,spam
3152,spam
3153,spam
3154,spam
3155,spam
3156,spam
3157,spam
3158,spam
3159,spam
3160,spam
3161,spam
3162,spam
3163,spam
3164,spam
3165,spam
3166,spam
3167,spam
3168,spam
3169,spam
3170,spam
3171,spam
3172,spam
3173,spam
3174,spam
3175,spam
3176,spam
3177,spam
3178,spam
3179,spam
3180,spam
3181,spam
3182,spam
3183,spam
3184,spam
3185,spam
3186,spam
3187,spam
3188,spam
3189,spam
3190,spam
3191,spam
3192,spam
3193,spam
3194,spam
3195,spam
3196,spam
3197,spam
3198,spam
3199,spam
3200,spam
3201,spam
3202,spam
3203,spam
3204,spam
3205,spam
3206,spam
3207,spam
3208,spam
3209,spam
3210,spam
3211,spam
3212,spam
3213,spam
3214,spam
3215,spam
3216,spam
3217,spam
3218,spam
3219,spam
3220,spam
3221,spam
3222,spam
3223,spam
3224,spam
3225,spam
3226,spam
3227,spam
3228,spam
3229,spam
3230,spam
3231,spam
3232,spam
3233,spam
3234,spam
3235,spam
3236,spam
3237,spam
3238,spam
3239,spam
3240,spam
3241,spam
3242,spam
3243,spam
3244,spam
3245,spam
3246,spam
3247,spam
3248,spam
3249,spam
3250,spam
3251,spam
3252,spam
3253,spam
3254,spam
3255,spam
3256,spam
3257,spam
3258,spam
3259,spam
3260,spam
3261,spam
3262,spam
3263,spam
3264,spam
3265,spam
3266,spam
3267,spam
3268,spam
3269,spam
3270,spam
3271,spam
3272,spam
3273,spam
3274,spam
3275,spam
3276,spam
3277,spam
3278,spam
3279,spam
3280,spam
3281,spam
3282,spam
3283,spam
3284,spam
3285,spam
3286,spam
3287,spam
3288,spam
3289,spam
3290,spam
3291,spam
3292,spam
3293,spam
3294,spam
3295,spam
3296,spam
3297,spam
3298,spam
3299,spam
3300,spam
3301,spam
3302,spam
3303,spam
3304,spam
3305,spam
3306,spam
3307,spam
3308,spam
3309,spam
3310,spam
3311,spam
3312,spam
3313,spam
3314,spam
3315,spam
3316,spam
3317,spam
3318,spam
3319,spam
3320,spam
3321,spam
3322,spam
3323,spam
3324,spam
3325,spam
3326,spam
3327,spam
3328,spam
3329,spam
3330,spam
3331,spam
3332,spam
3333,spam
3334,spam
3335,spam
3336,spam
3337,spam
3338,spam
3339,spam
3340,spam
3341,spam
3342,spam
3343,spam
3344,spam
3345,spam
3346,spam
3347,spam
3348,spam
3349,spam
3350,spam
3351,spam
3352,spam
3353,spam
3354,spam
3355,spam
3356,spam
3357,spam
3358,spam
3359,spam
3360,spam
3361,spam
3362,spam
3363,spam
3364,spam
3365,spam
3366,spam
3367,spam
3368,spam
3369,spam
3370,spam
3371,spam
3372,spam
3373,spam
3374,spam
3375,spam
3376,spam
3377,spam
3378,spam
3379,spam
3380,spam
3381,spam
3382,spam
3383,spam
3384,spam
3385,spam
3386,spam
3387,spam
3388,spam
3389,spam
3390,spam
3391,spam
3392,spam
3393,spam
3394,spam
3395,spam
3396,spam
3397,spam
3398,spam
3399,spam
3400,spam
3401,spam
3402,spam
3403,spam
3404,spam
3405,spam
3406,spam
3407,spam
3408,spam
3409,spam
3410,spam
3411,spam
3412,spam
3413,spam
3414,spam
3415,spam
3416,spam
3417,spam
3418,spam
3419,spam
3420,spam
3421,spam
3422,spam
3423,spam
3424,spam
3425,spam
3426,spam
3427,spam
3428,spam
3429,spam
3430,spam
3431,spam
3432,spam
3433,spam
3434,spam
3435,spam
3436,spam
3437,spam
3438,spam
3439,spam
3440,spam
3441,spam
3442,spam
3443,spam
3444,spam
3445,spam
3446,spam
3447,spam
3448,spam
3449,spam
3450,spam
3451,spam
3452,spam
3453,spam
3454,spam
3455,spam
3456,spam
3457,spam
3458,spam
3459,spam
3460,spam
3461,spam
3462,spam
3463,spam
3464,spam
3465,spam
3466,spam
3467,spam
3468,spam
3469,spam
3470,spam
3471,spam
3472,spam
3473,spam
3474,spam
3475,spam
3476,spam
3477,spam
3478,spam
3479,spam
3480,spam
3481,spam
3482,spam
3483,spam
3484,spam
3485,spam
3486,spam
3487,spam
3488,spam
3489,spam
3490,spam
3491,spam
3492,spam
3493,spam
3494,spam
3495,spam
3496,spam
3497,spam
3498,spam
3499,spam
3500,spam
3501,spam
3502,spam
3503,spam
3504,spam
3505,spam
3506,spam
3507,spam
3508,spam
3509,spam
3510,spam
3511,spam
3512,spam
3513,spam
3514,spam
3515,spam
3516,spam
3517,spam
3518,spam
3519,spam
3520,spam
3521,spam
3522,spam
3523,spam
3524,spam
3525,spam
3526,spam
3527,spam
3528,spam
3529,spam
3530,spam
3531,spam
3532,spam
3533,spam
3534,spam
3535,spam
3536,spam
3537,spam
3538,spam
3539,spam
3540,spam
3541,spam
3542,spam
3543,spam
3544,spam
3545,spam
3546,spam
3547,spam
3548,spam
3549,spam
3550,spam
3551,spam
3552,spam
3553,spam
3554,spam
3555,spam
3556,spam
3557,spam
3558,spam
3559,spam
3560,spam
3561,spam
3562,spam
3563,spam
3564,spam
3565,spam
3566,spam
3567,spam
3568,spam
3569,spam
3570,spam
3571,spam
3572,spam
3573,spam
3574,spam
3575,spam
3576,spam
3577,spam
3578,spam
3579,spam
3580,spam
3581,spam
3582,spam
3583,spam
3584,spam
3585,spam
3586,spam
3587,spam
3588,spam
3589,spam
3590,spam
3591,spam
3592,spam
3593,spam
3594,spam
3595,spam
3596,spam
3597,spam
3598,spam
3599,spam
3600,spam
3601,spam
3602,spam
3603,spam
3604,spam
3605,spam
3606,spam
3607,spam
3608,spam
3609,spam
3610,spam
3611,spam
3612,spam
3613,spam
3614,spam
3615,spam
3616,spam
3617,spam
3618,spam
3619,spam
3620,spam
3621,spam
3622,spam
3623,spam
3624,spam
3625,spam
3626,spam
3627,spam
3628,spam
3629,spam
3630,spam
3631,spam
3632,spam
3633,spam
3634,spam
3635,spam
3636,spam
3637,spam
3638,spam
3639,spam
3640,spam
3641,spam
3642,spam
3643,spam
3644,spam
3645,spam
3646,spam
3647,spam
3648,spam
3649,spam
3650,spam
3651,spam
3652,spam
3653,spam
3654,spam
3655,spam
3656,spam
3657,spam
3658,spam
3659,spam
3660,spam
3661,spam
3662,spam
3663,spam
3664,spam
3665,spam
3666,spam
3667,spam
3668,spam
3669,spam
3670,spam
3671,spam
3672,spam
3673,spam
3674,spam
3675,spam
3676,spam
3677,spam
3678,spam
3679,spam
3680,spam
3681,spam
3682,spam
3683,spam
3684,spam
3685,spam
3686,spam
3687,spam
3688,spam
3689,spam
3690,spam
3691,spam
3692,spam
3693,spam
3694,spam
3695,spam
3696,spam
3697,spam
3698,spam
3699,spam
3700,spam
3701,spam
3702,spam
3703,spam
3704,spam
3705,spam
3706,spam
3707,spam
3708,spam
3709,spam
3710,spam
3711,spam
3712,spam
3713,spam
3714,spam
3715,spam
3716,spam
3717,spam
3718,spam
3719,spam
3720,spam
3721,spam
3722,spam
3723,spam
3724,spam
3725,spam
3726,spam
3727,spam
3728,spam
3729,spam
3730,spam
3731,spam
3732,spam
3733,spam
3734,spam
3735,spam
3736,spam
3737,spam
3738,spam
3739,spam
3740,spam
3741,spam
3742,spam
3743,spam
3744,spam
3745,spam
3746,spam
3747,spam
3748,spam
3749,spam
3750,spam
3751,spam
3752,spam
3753,spam
3754,spam
3755,spam
3756,spam
3757,spam
3758,spam
3759,spam
3760,spam
3761,spam
3762,spam
3763,spam
3764,spam
3765,spam
3766,spam
3767,spam
3768,spam
3769,spam
3770,spam
3771,spam
3772,spam
3773,spam
3774,spam
3775,spam
3776,spam
3777,spam
3778,spam
3779,spam
3780,spam
3781,spam
3782,spam
3783,spam
3784,spam
3785,spam
3786,spam
3787,spam
3788,spam
3789,spam
3790,spam
3791,spam
3792,spam
3793,spam
3794,spam
3795,spam
3796,spam
3797,spam
3798,spam
3799,spam
3800,spam
3801,spam
3802,spam
3803,spam
3804,spam
3805,spam
3806,spam
3807,spam
3808,spam
3809,spam
3810,spam
3811,spam
3812,spam
3813,spam
3814,spam
3815,spam
3816,spam
3817,spam
3818,spam
3819,spam
3820,spam
3821,spam
3822,spam
3823,spam
3824,spam
3825,spam
3826,spam
3827,spam
3828,spam
3829,spam
3830,spam
3831,spam
3832,spam
3833,spam
3834,spam
3835,spam
3836,spam
3837,spam
3838,spam
3839,spam
3840,spam
3841,spam
3842,spam
3843,spam
3844,spam
3845,spam
3846,spam
3847,spam
3848,spam
3849,spam
3850,spam
3851,spam
3852,spam
3853,spam
3854,spam
3855,spam
3856,spam
3857,spam
3858,spam
3859,spam
3860,spam
3861,spam
3862,spam
3863,spam
3864,spam
3865,spam
3866,spam
3867,spam
3868,spam
3869,spam
3870,spam
3871,spam
3872,spam
3873,spam
3874,spam
3875,spam
3876,spam
3877,spam
3878,spam
3879,spam
3880,spam
3881,spam
3882,spam
3883,spam
3884,spam
3885,spam
3886,spam
3887,spam
3888,spam
3889,spam
3890,spam
3891,spam
3892,spam
3893,spam
3894,spam
3895,spam
3896,spam
3897,spam
3898,spam
3899,spam
3900,spam
3901,spam
3902,spam
3903,spam
3904,spam
3905,spam
3906,spam
3907,spam
3908,spam
3909,spam
3910,spam
3911,spam
3912,spam
3913,spam
3914,spam
3915,spam
3916,spam
3917,spam
3918,spam
3919,spam
3920,spam
3921,spam
3922,spam
3923,spam
3924,spam
3925,spam
3926,spam
3927,spam
3928,spam
3929,spam
3930,spam
3931,spam
3932,spam
3933,spam
3934,spam
3935,spam
3936,spam
3937,spam
3938,spam
3939,spam
3940,spam
3941,spam
3942,spam
3943,spam
3944,spam
3945,spam
3946,spam
3947,spam
3948,spam
3949,spam
3950,spam
3951,spam
3952,spam
3953,spam
3954,spam
3955,spam
3956,spam
3957,spam
3958,spam
3959,spam
3960,spam
3961,spam
3962,spam
3963,spam
3964,spam
3965,spam
3966,spam
3967,spam
3968,spam
3969,spam
3970,spam
3971,spam
3972,spam
3973,spam
3974,spam
3975,spam
3976,spam
3977,spam
3978,spam
3979,spam
3980,spam
3981,spam
3982,spam
3983,spam
3984,spam
3985,spam
3986,spam
3987,spam
3988,spam
3989,spam
3990,spam
3991,spam
3992,spam
3993,spam
3994,spam
3995,spam
3996,spam
3997,spam
3998,spam
3999,spam
4000,spam
4001,spam
4002,spam
4003,spam
4004,spam
4005,spam
4006,spam
4007,spam
4008,spam
4009,spam
4010,spam
4011,spam
4012,spam
4013,spam
4014,spam
4015,spam
4016,spam
4017,spam
4018,spam
4019,spam
4020,spam
4021,spam
4022,spam
4023,spam
4024,spam
4025,spam
4026,spam
4027,spam
4028,spam
4029,spam
4030,spam
4031,spam
4032,spam
4033,spam
4034,spam
4035,spam
4036,spam
4037,spam
4038,spam
4039,spam
4040,spam
4041,spam
4042,spam
4043,spam
4044,spam
4045,spam
4046,spam
4047,spam
4048,spam
4049,spam
4050,spam
4051,spam
4052,spam
4053,spam
4054,spam
4055,spam
4056,spam
4057,spam
4058,spam
4059,spam
4060,spam
4061,spam
4062,spam
4063,spam
4064,spam
4065,spam
4066,spam
4067,spam
4068,spam
4069,spam
4070,spam
4071,spam
4072,spam
4073,spam
4074,spam
4075,spam
4076,spam
4077,spam
4078,spam
4079,spam
4080,spam
4081,spam
4082,spam
4083,spam
4084,spam
4085,spam
4086,spam
4087,spam
4088,spam
4089,spam
4090,spam
4091,spam
4092,spam
4093,spam
4094,spam
4095,spam
4096,spam
4097,spam
4098,spam
4099,spam
4100,spam
4101,spam
4102,spam
4103,spam
4104,spam
4105,spam
4106,spam
4107,spam
4108,spam
4109,spam
4110,spam
4111,spam
4112,spam
4113,spam
4114,spam
4115,spam
4116,spam
4117,spam
4118,spam
4119,spam
4120,spam
4121,spam
4122,spam
4123,spam
4124,spam
4125,spam
4126,spam
4127,spam
4128,spam
4129,spam
4130,spam
4131,spam
4132,spam
4133,spam
4134,spam
4135,spam
4136,spam
4137,spam
4138,spam
4139,spam
4140,spam
4141,spam
4142,spam
4143,spam
4144,spam
4145,spam
4146,spam
4147,spam
4148,spam
4149,spam
4150,spam
4151,spam
4152,spam
4153,spam
4154,spam
4155,spam
4156,spam
4157,spam
4158,spam
4159,spam
4160,spam
4161,spam
4162,spam
4163,spam
4164,spam
4165,spam
4166,spam
4167,spam
4168,spam
4169,spam
4170,spam
4171,spam
4172,spam
4173,spam
4174,spam
4175,spam
4176,spam
4177,spam
4178,spam
4179,spam
4180,spam
4181,spam
4182,spam
4183,spam
4184,spam
4185,spam
4186,spam
4187,spam
4188,spam
4189,spam
4190,spam
4191,spam
4192,spam
4193,spam
4194,spam
4195,spam
4196,spam
4197,spam
4198,spam
4199,spam
4200,spam
4201,spam
4202,spam
4203,spam
4204,spam
4205,spam
4206,spam
4207,spam
4208,spam
4209,spam
4210,spam
4211,spam
4212,spam
4213,spam
4214,spam
4215,spam
4216,spam
4217,spam
4218,spam
4219,spam
4220,spam
4221,spam
4222,spam
4223,spam
4224,spam
4225,spam
4226,spam
4227,spam
4228,spam
4229,spam
4230,spam
4231,spam
4232,spam
4233,spam
4234,spam
4235,spam
4236,spam
4237,spam
4238,spam
4239,spam
4240,spam
4241,spam
4242,spam
4243,spam
4244,spam
4245,spam
4246,spam
4247,spam
4248,spam
4249,spam
4250,spam
4251,spam
4252,spam
4253,spam
4254,spam
4255,spam
4256,spam
4257,spam
4258,spam
4259,spam
4260,spam
4261,spam
4262,spam
4263,spam
4264,spam
4265,spam
4266,spam
4267,spam
4268,spam
4269,spam
4270,spam
4271,spam
4272,spam
4273,spam
4274,spam
4275,spam
4276,spam
4277,spam
4278,spam
4279,spam
4280,spam
4281,spam
4282,spam
4283,spam
4284,spam
4285,spam
4286,spam
4287,spam
4288,spam
4289,spam
4290,spam
4291,spam
4292,spam
4293,spam
4294,spam
4295,spam
4296,spam
4297,spam
4298,spam
4299,spam
4300,spam
4301,spam
4302,spam
4303,spam
4304,spam
4305,spam
4306,spam
4307,spam
4308,spam
4309,spam
4310,spam
4311,spam
4312,spam
4313,spam
4314,spam
4315,spam
4316,spam
4317,spam
4318,spam
4319,spam
4320,spam
4321,spam
4322,spam
4323,spam
4324,spam
4325,spam
4326,spam
4327,spam
4328,spam
4329,spam
4330,spam
4331,spam
4332,spam
4333,spam
4334,spam
4335,spam
4336,spam
4337,spam
4338,spam
4339,spam
4340,spam
4341,spam
4342,spam
4343,spam
4344,spam
4345,spam
4346,spam
4347,spam
4348,spam
4349,spam
4350,spam
4351,spam
4352,spam
4353,spam
4354,spam
4355,spam
4356,spam
4357,spam
4358,spam
4359,spam
4360,spam
4361,spam
4362,spam
4363,spam
4364,spam
4365,spam
4366,spam
4367,spam
4368,spam
4369,spam
4370,spam
4371,spam
4372,spam
4373,spam
4374,spam
4375,spam
4376,spam
4377,spam
4378,spam
4379,spam
4380,spam
4381,spam
4382,spam
4383,spam
4384,spam
4385,spam
4386,spam
4387,spam
4388,spam
4389,spam
4390,spam
4391,spam
4392,spam
4393,spam
4394,spam
4395,spam
4396,spam
4397,spam
4398,spam
4399,spam
4400,spam
4401,spam
4402,spam
4403,spam
4404,spam
4405,spam
4406,spam
4407,spam
4408,spam
4409,spam
4410,spam
4411,spam
4412,spam
4413,spam
4414,spam
4415,spam
4416,spam
4417,spam
4418,spam
4419,spam
4420,spam
4421,spam
4422,spam
4423,spam
4424,spam
4425,spam
4426,spam
4427,spam
4428,spam
4429,spam
4430,spam
4431,spam
4432,spam
4433,spam
4434,spam
4435,spam
4436,spam
4437,spam
4438,spam
4439,spam
4440,spam
4441,spam
4442,spam
4443,spam
4444,spam
4445,spam
4446,spam
4447,spam
4448,spam
4449,spam
4450,spam
4451,spam
4452,spam
4453,spam
4454,spam
4455,spam
4456,spam
4457,spam
4458,spam
4459,spam
4460,spam
4461,spam
4462,spam
4463,spam
4464,spam
4465,spam
4466,spam
4467,spam
4468,spam
4469,spam
4470,spam
4471,spam
4472,spam
4473,spam
4474,spam
4475,spam
4476,spam
4477,spam
4478,spam
4479,spam
4480,spam
4481,spam
4482,spam
4483,spam
4484,spam
4485,spam
4486,spam
4487,spam
4488,spam
4489,spam
4490,spam
4491,spam
4492,spam
4493,spam
4494,spam
4495,spam
4496,spam
4497,spam
4498,spam
4499,spam
4500,spam
4501,spam
4502,spam
4503,spam
4504,spam
4505,spam
4506,spam
4507,spam
4508,spam
4509,spam
4510,spam
4511,spam
4512,spam
4513,spam
4514,spam
4515,spam
4516,spam
4517,spam
4518,spam
4519,spam
4520,spam
4521,spam
4522,spam
4523,spam
4524,spam
4525,spam
4526,spam
4527,spam
4528,spam
4529,spam
4530,spam
4531,spam
4532,spam
4533,spam
4534,spam
4535,spam
4536,spam
4537,spam
4538,spam
4539,spam
4540,spam
4541,spam
4542,spam
4543,spam
4544,spam
4545,spam
4546,spam
4547,spam
4548,spam
4549,spam
4550,spam
4551,spam
4552,spam
4553,spam
4554,spam
4555,spam
4556,spam
4557,spam
4558,spam
4559,spam
4560,spam
4561,spam
4562,spam
4563,spam
4564,spam
4565,spam
4566,spam
4567,spam
4568,spam
4569,spam
4570,spam
4571,spam
4572,spam
4573,spam
4574,spam
4575,spam
4576,spam
4577,spam
4578,spam
4579,spam
4580,spam
4581,spam
4582,spam
4583,spam
4584,spam
4585,spam
4586,spam
4587,spam
4588,spam
4589,spam
4590,spam
4591,spam
4592,spam
4593,spam
4594,spam
4595,spam
4596,spam
4597,spam
4598,spam
4599,spam
4600,spam
4601,spam
4602,spam
4603,spam
4604,spam
4605,spam
4606,spam
4607,spam
4608,spam
4609,spam
4610,spam
4611,spam
4612,spam
4613,spam
4614,spam
4615,spam
4616,spam
4617,spam
4618,spam
4619,spam
4620,spam
4621,spam
4622,spam
4623,spam
4624,spam
4625,spam
4626,spam
4627,spam
4628,spam
4629,spam
4630,spam
4631,spam
4632,spam
4633,spam
4634,spam
4635,spam
4636,spam
4637,spam
4638,spam
4639,spam
4640,spam
4641,spam
4642,spam
4643,spam
4644,spam
4645,spam
4646,spam
4647,spam
4648,spam
4649,spam
4650,spam
4651,spam
4652,spam
4653,spam
4654,spam
4655,spam
4656,spam
4657,spam
4658,spam
4659,spam
4660,spam
4661,spam
4662,spam
4663,spam
4664,spam
4665,spam
4666,spam
4667,spam
4668,spam
4669,spam
4670,spam
4671,spam
4672,spam
4673,spam
4674,spam
4675,spam
4676,spam
4677,spam
4678,spam
4679,spam
4680,spam
4681,spam
4682,spam
4683,spam
4684,spam
4685,spam
4686,spam
4687,spam
4688,spam
4689,spam
4690,spam
4691,spam
4692,spam
4693,spam
4694,spam
4695,spam
4696,spam
4697,spam
4698,spam
4699,spam
4700,spam
4701,spam
4702,spam
4703,spam
4704,spam
4705,spam
4706,spam
4707,spam
4708,spam
4709,spam
4710,spam
4711,spam
4712,spam
4713,spam
4714,spam
4715,spam
4716,spam
4717,spam
4718,spam
4719,spam
4720,spam
4721,spam
4722,spam
4723,spam
4724,spam
4725,spam
4726,spam
4727,spam
4728,spam
4729,spam
4730,spam
4731,spam
4732,spam
4733,spam
4734,spam
4735,spam
4736,spam
4737,spam
4738,spam
4739,spam
4740,spam
4741,spam
4742,spam
4743,spam
4744,spam
4745,spam
4746,spam
4747,spam
4748,spam
4749,spam
4750,spam
4751,spam
4752,spam
4753,spam
4754,spam
4755,spam
4756,spam
4757,spam
4758,spam
4759,spam
4760,spam
4761,spam
4762,spam
4763,spam
4764,spam
4765,spam
4766,spam
4767,spam
4768,spam
4769,spam
4770,spam
4771,spam
4772,spam
4773,spam
4774,spam
4775,spam
4776,spam
4777,spam
4778,spam
4779,spam
4780,spam
4781,spam
4782,spam
4783,spam
4784,spam
4785,spam
4786,spam
4787,spam
4788,spam
4789,spam
4790,spam
4791,spam
4792,spam
4793,spam
4794,spam
4795,spam
4796,spam
4797,spam
4798,spam
4799,spam
4800,spam
4801,spam
4802,spam
4803,spam
4804,spam
4805,spam
4806,spam
4807,spam
4808,spam
4809,spam
4810,spam
4811,spam
4812,spam
4813,spam
4814,spam
4815,spam
4816,spam
4817,spam
4818,spam
4819,spam
4820,spam
4821,spam
4822,spam
4823,spam
4824,spam
4825,spam
4826,spam
4827,spam
4828,spam
4829,spam
4830,spam
4831,spam
4832,spam
4833,spam
4834,spam
4835,spam
4836,spam
4837,spam
4838,spam
4839,spam
4840,spam
4841,spam
4842,spam
4843,spam
4844,spam
4845,spam
4846,spam
4847,spam
4848,spam
4849,spam
4850,spam
4851,spam
4852,spam
4853,spam
4854,spam
4855,spam
4856,spam
4857,spam
4858,spam
4859,spam
4860,spam
4861,spam
4862,spam
4863,spam
4864,spam
4865,spam
4866,spam
4867,spam
4868,spam
4869,spam
4870,spam
4871,spam
4872,spam
4873,spam
4874,spam
4875,spam
4876,spam
4877,spam
4878,spam
4879,spam
4880,spam
4881,spam
4882,spam
4883,spam
4884,spam
4885,spam
4886,spam
4887,spam
4888,spam
4889,spam
4890,spam
4891,spam
4892,spam
4893,spam
4894,spam
4895,spam
4896,spam
4897,spam
4898,spam
4899,spam
4900,spam
4901,spam
4902,spam
4903,spam
4904,spam
4905,spam
4906,spam
4907,spam
4908,spam
4909,spam
4910,spam
4911,spam
4912,spam
4913,spam
4914,spam
4915,spam
4916,spam
4917,spam
4918,spam
4919,spam
4920,spam
4921,spam
4922,spam
4923,spam
4924,spam
4925,spam
4926,spam
4927,spam
4928,spam
4929,spam
4930,spam
4931,spam
4932,spam
4933,spam
4934,spam
4935,spam
4936,spam
4937,spam
4938,spam
4939,spam
4940,spam
4941,spam
4942,spam
4943,spam
4944,spam
4945,spam
4946,spam
4947,spam
4948,spam
4949,spam
4950,spam
4951,spam
4952,spam
4953,spam
4954,spam
4955,spam
4956,spam
4957,spam
4958,spam
4959,spam
4960,spam
4961,spam
4962,spam
4963,spam
4964,spam
4965,spam
4966,spam
4967,spam
4968,spam
4969,spam
4970,spam
4971,spam
4972,spam
4973,spam
4974,spam
4975,spam
4976,spam
4977,spam
4978,spam
4979,spam
4980,spam
4981,spam
4982,spam
4983,spam
4984,spam
4985,spam
4986,spam
4987,spam
4988,spam
4989,spam
4990,spam
4991,spam
4992,spam
4993,spam
4994,spam
4995,spam
4996,spam
4997,spam
4998,spam
4999,spam
5000,spam
5001,spam
5002,spam
5003,spam
5004,spam
5005,spam
5006,spam
5007,spam
5008,spam
5009,spam
5010,spam
5011,spam
5012,spam
5013,spam
5014,spam
5015,spam
5016,spam
5017,spam
5018,spam
5019,spam
5020,spam
5021,spam
5022,spam
5023,spam
5024,spam
5025,spam
5026,spam
5027,spam
5028,spam
5029,spam
5030,spam
5031,spam
5032,spam
5033,spam
5034,spam
5035,spam
5036,spam
5037,spam
5038,spam
5039,spam
5040,spam
5041,spam
5042,spam
5043,spam
5044,spam
5045,spam
5046,spam
5047,spam
5048,spam
5049,spam
5050,spam
5051,spam
5052,spam
5053,spam
5054,spam
5055,spam
5056,spam
5057,spam
5058,spam
5059,spam
5060,spam
5061,spam
5062,spam
5063,spam
5064,spam
5065,spam
5066,spam
5067,spam
5068,spam
5069,spam
5070,spam
5071,spam
5072,spam
5073,spam
5074,spam
5075,spam
5076,spam
5077,spam
5078,spam
5079,spam
5080,spam
5081,spam
5082,spam
5083,spam
5084,spam
5085,spam
5086,spam
5087,spam
5088,spam
5089,spam
5090,spam
5091,spam
5092,spam
5093,spam
5094,spam
5095,spam
5096,spam
5097,spam
5098,spam
5099,spam
5100,spam
5101,spam
5102,spam
5103,spam
5104,spam
5105,spam
5106,spam
5107,spam
5108,spam
5109,spam
5110,spam
5111,spam
5112,spam
5113,spam
5114,spam
5115,spam
5116,spam
5117,spam
5118,spam
5119,spam
5120,spam
5121,spam
5122,spam
5123,spam
5124,spam
5125,spam
5126,spam
5127,spam
5128,spam
5129,spam
5130,spam
5131,spam
5132,spam
5133,spam
5134,spam
5135,spam
5136,spam
5137,spam
5138,spam
5139,spam
5140,spam
5141,spam
5142,spam
5143,spam
5144,spam
5145,spam
5146,spam
5147,spam
5148,spam
5149,spam
5150,spam
5151,spam
5152,spam
5153,spam
5154,spam
5155,spam
5156,spam
5157,spam
5158,spam
5159,spam
5160,spam
5161,spam
5162,spam
5163,spam
5164,spam
5165,spam
5166,spam
5167,spam
5168,spam
5169,spam
5170,spam
5171,spam
5172,spam
5173,spam
5174,spam
5175,spam
5176,spam
5177,spam
5178,spam
5179,spam
5180,spam
5181,spam
5182,spam
5183,spam
5184,spam
5185,spam
5186,spam
5187,spam
5188,spam
5189,spam
5190,spam
5191,spam
5192,spam
5193,spam
5194,spam
5195,spam
5196,spam
5197,spam
5198,spam
5199,spam
5200,spam
5201,spam
5202,spam
5203,spam
5204,spam
5205,spam
5206,spam
5207,spam
5208,spam
5209,spam
5210,spam
5211,spam
5212,spam
5213,spam
5214,spam
5215,spam
5216,spam
5217,spam
5218,spam
5219,spam
5220,spam
5221,spam
5222,spam
5223,spam
5224,spam
5225,spam
5226,spam
5227,spam
5228,spam
5229,spam
5230,spam
5231,spam
5232,spam
5233,spam
5234,spam
5235,spam
5236,spam
5237,spam
5238,spam
5239,spam
5240,spam
5241,spam
5242,spam
5243,spam
5244,spam
5245,spam
5246,spam
5247,spam
5248,spam
5249,spam
5250,spam
5251,spam
5252,spam
5253,spam
5254,spam
5255,spam
5256,spam
5257,spam
5258,spam
5259,spam
5260,spam
5261,spam
5262,spam
5263,spam
5264,spam
5265,spam
5266,spam
5267,spam
5268,spam
5269,spam
5270,spam
5271,spam
5272,spam
5273,spam
5274,spam
5275,spam
5276,spam
5277,spam
5278,spam
5279,spam
5280,spam
5281,spam
5282,spam
5283,spam
5284,spam
5285,spam
5286,spam
5287,spam
5288,spam
5289,spam
5290,spam
5291,spam
5292,spam
5293,spam
5294,spam
5295,spam
5296,spam
5297,spam
5298,spam
5299,spam
5300,spam
5301,spam
5302,spam
5303,spam
5304,spam
5305,spam
5306,spam
5307,spam
5308,spam
5309,spam
5310,spam
5311,spam
5312,spam
5313,spam
5314,spam
5315,spam
5316,spam
5317,spam
5318,spam
5319,spam
5320,spam
5321,spam
5322,spam
5323,spam
5324,spam
5325,spam
5326,spam
5327,spam
5328,spam
5329,spam
5330,spam
5331,spam
5332,spam
5333,spam
5334,spam
5335,spam
5336,spam
5337,spam
5338,spam
5339,spam
5340,spam
5341,spam
5342,spam
5343,spam
5344,spam
5345,spam
5346,spam
5347,spam
5348,spam
5349,spam
5350,spam
5351,spam
5352,spam
5353,spam
5354,spam
5355,spam
5356,spam
5357,spam
5358,spam
5359,spam
5360,spam
5361,spam
5362,spam
5363,spam
5364,spam
5365,spam
5366,spam
5367,spam
5368,spam
5369,spam
5370,spam
5371,spam
5372,spam
5373,spam
5374,spam
5375,spam
5376,spam
5377,spam
5378,spam
5379,spam
5380,spam
5381,spam
5382,spam
5383,spam
5384,spam
5385,spam
5386,spam
5387,spam
5388,spam
5389,spam
5390,spam
5391,spam
5392,spam
5393,spam
5394,spam
5395,spam
5396,spam
5397,spam
5398,spam
5399,spam
5400,spam
5401,spam
5402,spam
5403,spam
5404,spam
5405,spam
5406,spam
5407,spam
5408,spam
5409,spam
5410,spam
5411,spam
5412,spam
5413,spam
5414,spam
5415,spam
5416,spam
5417,spam
5418,spam
5419,spam
5420,spam
5421,spam
5422,spam
5423,spam
5424,spam
5425,spam
5426,spam
5427,spam
5428,spam
5429,spam
5430,spam
5431,spam
5432,spam
5433,spam
5434,spam
5435,spam
5436,spam
5437,spam
5438,spam
5439,spam
5440,spam
5441,spam
5442,spam
5443,spam
5444,spam
5445,spam
5446,spam
5447,spam
5448,spam
5449,spam
5450,spam
5451,spam
5452,spam
5453,spam
5454,spam
5455,spam
5456,spam
5457,spam
5458,spam
5459,spam
5460,spam
5461,spam
5462,spam
5463,spam
5464,spam
5465,spam
5466,spam
5467,spam
5468,spam
5469,spam
5470,spam
5471,spam
5472,spam
5473,spam
5474,spam
5475,spam
5476,spam
5477,spam
5478,spam
5479,spam
5480,spam
5481,spam
5482,spam
5483,spam
5484,spam
5485,spam
5486,spam
5487,spam
5488,spam
5489,spam
5490,spam
5491,spam
5492,spam
5493,spam
5494,spam
5495,spam
5496,spam
5497,spam
5498,spam
5499,spam
5500,spam
5501,spam
5502,spam
5503,spam
5504,spam
5505,spam
5506,spam
5507,spam
5508,spam
5509,spam
5510,spam
5511,spam
5512,spam
5513,spam
5514,spam
5515,spam
5516,spam
5517,spam
5518,spam
5519,spam
5520,spam
5521,spam
5522,spam
5523,spam
5524,spam
5525,spam
5526,spam
5527,spam
5528,spam
5529,spam
5530,spam
5531,spam
5532,spam
5533,spam
5534,spam
5535,spam
5536,spam
5537,spam
5538,spam
5539,spam
5540,spam
5541,spam
5542,spam
5543,spam
5544,spam
5545,spam
5546,spam
5547,spam
5548,spam
5549,spam
5550,spam
5551,spam
5552,spam
5553,spam
5554,spam
5555,spam
5556,spam
5557,spam
5558,spam
5559,spam
5560,spam
5561,spam
5562,spam
5563,spam
5564,spam
5565,spam
5566,spam
5567,spam
5568,spam
5569,spam
5570,spam
5571,spam
5572,spam
5573,spam
5574,spam
5575,spam
5576,spam
5577,spam
5578,spam
5579,spam
5580,spam
5581,spam
5582,spam
5583,spam
5584,spam
5585,spam
5586,spam
5587,spam
5588,spam
5589,spam
5590,spam
5591,spam
5592,spam
5593,spam
5594,spam
5595,spam
5596,spam
5597,spam
5598,spam
5599,spam
5600,spam
5601,spam
5602,spam
5603,spam
5604,spam
5605,spam
5606,spam
5607,spam
5608,spam
5609,spam
5610,spam
5611,spam
5612,spam
5613,spam
5614,spam
5615,spam
5616,spam
5617,spam
5618,spam
5619,spam
5620,spam
5621,spam
5622,spam
5623,spam
5624,spam
5625,spam
5626,spam
5627,spam
5628,spam
5629,spam
5630,spam
5631,spam
5632,spam
5633,spam
5634,spam
5635,spam
5636,spam
5637,spam
5638,spam
5639,spam
5640,spam
5641,spam
5642,spam
5643,spam
5644,spam
5645,spam
5646,spam
5647,spam
5648,spam
5649,spam
5650,spam
5651,spam
5652,spam
5653,spam
5654,spam
5655,spam
5656,spam
5657,spam
5658,spam
5659,spam
5660,spam
5661,spam
5662,spam
5663,spam
5664,spam
5665,spam
5666,spam
5667,spam
5668,spam
5669,spam
5670,spam
5671,spam
5672,spam
5673,spam
5674,spam
5675,spam
5676,spam
5677,spam
5678,spam
5679,spam
5680,spam
5681,spam
5682,spam
5683,spam
5684,spam
5685,spam
5686,spam
5687,spam
5688,spam
5689,spam
5690,spam
5691,spam
5692,spam
5693,spam
5694,spam
5695,spam
5696,spam
5697,spam
5698,spam
5699,spam
5700,spam
5701,spam
5702,spam
5703,spam
5704,spam
5705,spam
5706,spam
5707,spam
5708,spam
5709,spam
5710,spam
5711,spam
5712,spam
5713,spam
5714,spam
5715,spam
5716,spam
5717,spam
5718,spam
5719,spam
5720,spam
5721,spam
5722,spam
5723,spam
5724,spam
5725,spam
5726,spam
5727,spam
5728,spam
5729,spam
5730,spam
5731,spam
5732,spam
5733,spam
5734,spam
5735,spam
5736,spam
5737,spam
5738,spam
5739,spam
5740,spam
5741,spam
5742,spam
5743,spam
5744,spam
5745,spam
5746,spam
5747,spam
5748,spam
5749,spam
5750,spam
5751,spam
5752,spam
5753,spam
5754,spam
5755,spam
5756,spam
5757,spam
5758,spam
5759,spam
5760,spam
5761,spam
5762,spam
5763,spam
5764,spam
5765,spam
5766,spam
5767,spam
5768,spam
5769,spam
5770,spam
5771,spam
5772,spam
5773,spam
5774,spam
5775,spam
5776,spam
5777,spam
5778,spam
5779,spam
5780,spam
5781,spam
5782,spam
5783,spam
5784,spam
5785,spam
5786,spam
5787,spam
5788,spam
5789,spam
5790,spam
5791,spam
5792,spam
5793,spam
5794,spam
5795,spam
5796,spam
5797,spam
5798,spam
5799,spam
5800,spam
5801,spam
5802,spam
5803,spam
5804,spam
5805,spam
5806,spam
5807,spam
5808,spam
5809,spam
5810,spam
5811,spam
5812,spam
5813,spam
5814,spam
5815,spam
5816,spam
5817,spam
5818,spam
5819,spam
5820,spam
5821,spam
5822,spam
5823,spam
5824,spam
5825,spam
5826,spam
5827,spam
5828,spam
5829,spam
5830,spam
5831,spam
5832,spam
5833,spam
5834,spam
5835,spam
5836,spam
5837,spam
5838,spam
5839,spam
5840,spam
5841,spam
5842,spam
5843,spam
5844,spam
5845,spam
5846,spam
5847,spam
5848,spam
5849,spam
5850,spam
5851,spam
5852,spam
5853,spam
5854,spam
5855,spam
5856,spam
5857,spam
5858,spam
5859,spam
5860,spam
5861,spam
5862,spam
5863,spam
5864,spam
5865,spam
5866,spam
5867,spam
5868,spam
5869,spam
5870,spam
5871,spam
5872,spam
5873,spam
5874,spam
5875,spam
5876,spam
5877,spam
5878,spam
5879,spam
5880,spam
5881,spam
5882,spam
5883,spam
5884,spam
5885,spam
5886,spam
5887,spam
5888,spam
5889,spam
5890,spam
5891,spam
5892,spam
5893,spam
5894,spam
5895,spam
5896,spam
5897,spam
5898,spam
5899,spam
5900,spam
5901,spam
5902,spam
5903,spam
5904,spam
5905,spam
5906,spam
5907,spam
5908,spam
5909,spam
5910,spam
5911,spam
5912,spam
5913,spam
5914,spam
5915,spam
5916,spam
5917,spam
5918,spam
5919,spam
5920,spam
5921,spam
5922,spam
5923,spam
5924,spam
5925,spam
5926,spam
5927,spam
5928,spam
5929,spam
5930,spam
5931,spam
5932,spam
5933,spam
5934,spam
5935,spam
5936,spam
5937,spam
5938,spam
5939,spam
5940,spam
5941,spam
5942,spam
5943,spam
5944,spam
5945,spam
5946,spam
5947,spam
5948,spam
5949,spam
5950,spam
5951,spam
5952,spam
5953,spam
5954,spam
5955,spam
5956,spam
5957,spam
5958,spam
5959,spam
5960,spam
5961,spam
5962,spam
5963,spam
5964,spam
5965,spam
5966,spam
5967,spam
5968,spam
5969,spam
5970,spam
5971,spam
5972,spam
5973,spam
5974,spam
5975,spam
5976,spam
5977,spam
5978,spam
5979,spam
5980,spam
5981,spam
5982,spam
5983,spam
5984,spam
5985,spam
5986,spam
5987,spam
5988,spam
5989,spam
5990,spam
5991,spam
5992,spam
5993,spam
5994,spam
5995,spam
5996,spam
5997,spam
5998,spam
5999,spam
6000,spam
6001,spam
6002,spam
6003,spam
6004,spam
6005,spam
6006,spam
6007,spam
6008,spam
6009,spam
6010,spam
6011,spam
6012,spam
6013,spam
6014,spam
6015,spam
6016,spam
6017,spam
6018,spam
6019,spam
6020,spam
6021,spam
6022,spam
6023,spam
6024,spam
6025,spam
6026,spam
6027,spam
6028,spam
6029,spam
6030,spam
6031,spam
6032,spam
6033,spam
6034,spam
6035,spam
6036,spam
6037,spam
6038,spam
6039,spam
6040,spam
6041,spam
6042,spam
6043,spam
6044,spam
6045,spam
6046,spam
6047,spam
6048,spam
6049,spam
6050,spam
6051,spam
6052,spam
6053,spam
6054,spam
6055,spam
6056,spam
6057,spam
6058,spam
6059,spam
6060,spam
6061,spam
6062,spam
6063,spam
6064,spam
6065,spam
6066,spam
6067,spam
6068,spam
6069,spam
6070,spam
6071,spam
6072,spam
6073,spam
6074,spam
6075,spam
6076,spam
6077,spam
6078,spam
6079,spam
6080,spam
6081,spam
6082,spam
6083,spam
6084,spam
6085,spam
6086,spam
6087,spam
6088,spam
6089,spam
6090,spam
6091,spam
6092,spam
6093,spam
6094,spam
6095,spam
6096,spam
6097,spam
6098,spam
6099,spam
6100,spam
6101,spam
6102,spam
6103,spam
6104,spam
6105,spam
6106,spam
6107,spam
6108,spam
6109,spam
6110,spam
6111,spam
6112,spam
6113,spam
6114,spam
6115,spam
6116,spam
6117,spam
6118,spam
6119,spam
6120,spam
6121,spam
6122,spam
6123,spam
6124,spam
6125,spam
6126,spam
6127,spam
6128,spam
6129,spam
6130,spam
6131,spam
6132,spam
6133,spam
6134,spam
6135,spam
6136,spam
6137,spam
6138,spam
6139,spam
6140,spam
6141,spam
6142,spam
6143,spam
6144,spam
6145,spam
6146,spam
6147,spam
6148,spam
6149,spam
6150,spam
6151,spam
6152,spam
6153,spam
6154,spam
6155,spam
6156,spam
6157,spam
6158,spam
6159,spam
6160,spam
6161,spam
6162,spam
6163,spam
6164,spam
6165,spam
6166,spam
6167,spam
6168,spam
6169,spam
6170,spam
6171,spam
6172,spam
6173,spam
6174,spam
6175,spam
6176,spam
6177,spam
6178,spam
6179,spam
6180,spam
6181,spam
6182,spam
6183,spam
6184,spam
6185,spam
6186,spam
6187,spam
6188,spam
6189,spam
6190,spam
6191,spam
6192,spam
6193,spam
6194,spam
6195,spam
6196,spam
6197,spam
6198,spam
6199,spam
6200,spam
6201,spam
6202,spam
6203,spam
6204,spam
6205,spam
6206,spam
6207,spam
6208,spam
6209,spam
6210,spam
6211,spam
6212,spam
6213,spam
6214,spam
6215,spam
6216,spam
6217,spam
6218,spam
6219,spam
6220,spam
6221,spam
6222,spam
6223,spam
6224,spam
6225,spam
6226,spam
6227,spam
6228,spam
6229,spam
6230,spam
6231,spam
6232,spam
6233,spam
6234,spam
6235,spam
6236,spam
6237,spam
6238,spam
6239,spam
6240,spam
6241,spam
6242,spam
6243,spam
6244,spam
6245,spam
6246,spam
6247,spam
6248,spam
6249,spam
6250,spam
6251,spam
6252,spam
6253,spam
6254,spam
6255,spam
6256,spam
6257,spam
6258,spam
6259,spam
6260,spam
6261,spam
6262,spam
6263,spam
6264,spam
6265,spam
6266,spam
6267,spam
6268,spam
6269,spam
6270,spam
6271,spam
6272,spam
6273,spam
6274,spam
6275,spam
6276,spam
6277,spam
6278,spam
6279,spam
6280,spam
6281,spam
6282,spam
6283,spam
6284,spam
6285,spam
6286,spam
6287,spam
6288,spam
6289,spam
6290,spam
6291,spam
6292,spam
6293,spam
6294,spam
6295,spam
6296,spam
6297,spam
6298,spam
6299,spam
6300,spam
6301,spam
6302,spam
6303,spam
6304,spam
6305,spam
6306,spam
6307,spam
6308,spam
6309,spam
6310,spam
6311,spam
6312,spam
6313,spam
6314,spam
6315,spam
6316,spam
6317,spam
6318,spam
6319,spam
6320,spam
6321,spam
6322,spam
6323,spam
6324,spam
6325,spam
6326,spam
6327,spam
6328,spam
6329,spam
6330,spam
6331,spam
6332,spam
6333,spam
6334,spam
6335,spam
6336,spam
6337,spam
6338,spam
6339,spam
6340,spam
6341,spam
6342,spam
6343,spam
6344,spam
6345,spam
6346,spam
6347,spam
6348,spam
6349,spam
6350,spam
6351,spam
6352,spam
6353,spam
6354,spam
6355,spam
6356,spam
6357,spam
6358,spam
6359,spam
6360,spam
6361,spam
6362,spam
6363,spam
6364,spam
6365,spam
6366,spam
6367,spam
6368,spam
6369,spam
6370,spam
6371,spam
6372,spam
6373,spam
6374,spam
6375,spam
6376,spam
6377,spam
6378,spam
6379,spam
6380,spam
6381,spam
6382,spam
6383,spam
6384,spam
6385,spam
6386,spam
6387,spam
6388,spam
6389,spam
6390,spam
6391,spam
6392,spam
6393,spam
6394,spam
6395,spam
6396,spam
6397,spam
6398,spam
6399,spam
6400,spam
6401,spam
6402,spam
6403,spam
6404,spam
6405,spam
6406,spam
6407,spam
6408,spam
6409,spam
6410,spam
6411,spam
6412,spam
6413,spam
6414,spam
6415,spam
6416,spam
6417,spam
6418,spam
6419,spam
6420,spam
6421,spam
6422,spam
6423,spam
6424,spam
6425,spam
6426,spam
6427,spam
6428,spam
6429,spam
6430,spam
6431,spam
6432,spam
6433,spam
6434,spam
6435,spam
6436,spam
6437,spam
6438,spam
6439,spam
6440,spam
6441,spam
6442,spam
6443,spam
6444,spam
6445,spam
6446,spam
6447,spam
6448,spam
6449,spam
6450,spam
6451,spam
6452,spam
6453,spam
6454,spam
6455,spam
6456,spam
6457,spam
6458,spam
6459,spam
6460,spam
6461,spam
6462,spam
6463,spam
6464,spam
6465,spam
6466,spam
6467,spam
6468,spam
6469,spam
6470,spam
6471,spam
6472,spam
6473,spam
6474,spam
6475,spam
6476,spam
6477,spam
6478,spam
6479,spam
6480,spam
6481,spam
6482,spam
6483,spam
6484,spam
6485,spam
6486,spam
6487,spam
6488,spam
6489,spam
6490,spam
6491,spam
6492,spam
6493,spam
6494,spam
6495,spam
6496,spam
6497,spam
6498,spam
6499,spam
6500,spam
6501,spam
6502,spam
6503,spam
6504,spam
6505,spam
6506,spam
6507,spam
6508,spam
6509,spam
6510,spam
6511,spam
6512,spam
6513,spam
6514,spam
6515,spam
6516,spam
6517,spam
6518,spam
6519,spam
6520,spam
6521,spam
6522,spam
6523,spam
6524,spam
6525,spam
6526,spam
6527,spam
6528,spam
6529,spam
6530,spam
6531,spam
6532,spam
6533,spam
6534,spam
6535,spam
6536,spam
6537,spam
6538,spam
6539,spam
6540,spam
6541,spam
6542,spam
6543,spam
6544,spam
6545,spam
6546,spam
6547,spam
6548,spam
6549,spam
6550,spam
6551,spam
6552,spam
6553,spam
6554,spam
6555,spam
6556,spam
6557,spam
6558,spam
6559,spam
6560,spam
6561,spam
6562,spam
6563,spam
6564,spam
6565,spam
6566,spam
6567,spam
6568,spam
6569,spam
6570,spam
6571,spam
6572,spam
6573,spam
6574,spam
6575,spam
6576,spam
6577,spam
6578,spam
6579,spam
6580,spam
6581,spam
6582,spam
6583,spam
6584,spam
6585,spam
6586,spam
6587,spam
6588,spam
6589,spam
6590,spam
6591,spam
6592,spam
6593,spam
6594,spam
6595,spam
6596,spam
6597,spam
6598,spam
6599,spam
6600,spam
6601,spam
6602,spam
6603,spam
6604,spam
6605,spam
6606,spam
6607,spam
6608,spam
6609,spam
6610,spam
6611,spam
6612,spam
6613,spam
6614,spam
6615,spam
6616,spam
6617,spam
6618,spam
6619,spam
6620,spam
6621,spam
6622,spam
6623,spam
6624,spam
6625,spam
6626,spam
6627,spam
6628,spam
6629,spam
6630,spam
6631,spam
6632,spam
6633,spam
6634,spam
6635,spam
6636,spam
6637,spam
6638,spam
6639,spam
6640,spam
6641,spam
6642,spam
6643,spam
6644,spam
6645,spam
6646,spam
6647,spam
6648,spam
6649,spam
6650,spam
6651,spam
6652,spam
6653,spam
6654,spam
6655,spam
6656,spam
6657,spam
6658,spam
6659,spam
6660,spam
6661,spam
6662,spam
6663,spam
6664,spam
6665,spam
6666,spam
6667,spam
6668,spam
6669,spam
6670,spam
6671,spam
6672,spam
6673,spam
6674,spam
6675,spam
6676,spam
6677,spam
6678,spam
6679,spam
6680,spam
6681,spam
6682,spam
6683,spam
6684,spam
6685,spam
6686,spam
6687,spam
6688,spam
6689,spam
6690,spam
6691,spam
6692,spam
6693,spam
6694,spam
6695,spam
6696,spam
6697,spam
6698,spam
6699,spam
6700,spam
6701,spam
6702,spam
6703,spam
6704,spam
6705,spam
6706,spam
6707,spam
6708,spam
6709,spam
6710,spam
6711,spam
6712,spam
6713,spam
6714,spam
6715,spam
6716,spam
6717,spam
6718,spam
6719,spam
6720,spam
6721,spam
6722,spam
6723,spam
6724,spam
6725,spam
6726,spam
6727,spam
6728,spam
6729,spam
6730,spam
6731,spam
6732,spam
6733,spam
6734,spam
6735,spam
6736,spam
6737,spam
6738,spam
6739,spam
6740,spam
6741,spam
6742,spam
6743,spam
6744,spam
6745,spam
6746,spam
6747,spam
6748,spam
6749,spam
6750,spam
6751,spam
6752,spam
6753,spam
6754,spam
6755,spam
6756,spam
6757,spam
6758,spam
6759,spam
6760,spam
6761,spam
6762,spam
6763,spam
6764,spam
6765,spam
6766,spam
6767,spam
6768,spam
6769,spam
6770,spam
6771,spam
6772,spam
6773,spam
6774,spam
6775,spam
6776,spam
6777,spam
6778,spam
6779,spam
6780,spam
6781,spam
6782,spam
6783,spam
6784,spam
6785,spam
6786,spam
6787,spam
6788,spam
6789,spam
6790,spam
6791,spam
6792,spam
6793,spam
6794,spam
6795,spam
6796,spam
6797,spam
6798,spam
6799,spam
6800,spam
6801,spam
6802,spam
6803,spam
6804,spam
6805,spam
6806,spam
6807,spam
6808,spam
6809,spam
6810,spam
6811,spam
6812,spam
6813,spam
6814,spam
6815,spam
6816,spam
6817,spam
6818,spam
6819,spam
6820,spam
6821,spam
6822,spam
6823,spam
6824,spam
6825,spam
6826,spam
6827,spam
6828,spam
6829,spam
6830,spam
6831,spam
6832,spam
6833,spam
6834,spam
6835,spam
6836,spam
6837,spam
6838,spam
6839,spam
6840,spam
6841,spam
6842,spam
6843,spam
6844,spam
6845,spam
6846,spam
6847,spam
6848,spam
6849,spam
6850,spam
6851,spam
6852,spam
6853,spam
6854,spam
6855,spam
6856,spam
6857,spam
6858,spam
6859,spam
6860,spam
6861,spam
6862,spam
6863,spam
6864,spam
6865,spam
6866,spam
6867,spam
6868,spam
6869,spam
6870,spam
6871,spam
6872,spam
6873,spam
6874,spam
6875,spam
6876,spam
6877,spam
6878,spam
6879,spam
6880,spam
6881,spam
6882,spam
6883,spam
6884,spam
6885,spam
6886,spam
6887,spam
6888,spam
6889,spam
6890,spam
6891,spam
6892,spam
6893,spam
6894,spam
6895,spam
6896,spam
6897,spam
6898,spam
6899,spam
6900,spam
6901,spam
6902,spam
6903,spam
6904,spam
6905,spam
6906,spam
6907,spam
6908,spam
6909,spam
6910,spam
6911,spam
6912,spam
6913,spam
6914,spam
6915,spam
6916,spam
6917,spam
6918,spam
6919,spam
6920,spam
6921,spam
6922,spam
6923,spam
6924,spam
6925,spam
6926,spam
6927,spam
6928,spam
6929,spam
6930,spam
6931,spam
6932,spam
6933,spam
6934,spam
6935,spam
6936,spam
6937,spam
6938,spam
6939,spam
6940,spam
6941,spam
6942,spam
6943,spam
6944,spam
6945,spam
6946,spam
6947,spam
6948,spam
6949,spam
6950,spam
6951,spam
6952,spam
6953,spam
6954,spam
6955,spam
6956,spam
6957,spam
6958,spam
6959,spam
6960,spam
6961,spam
6962,spam
6963,spam
6964,spam
6965,spam
6966,spam
6967,spam
6968,spam
6969,spam
6970,spam
6971,spam
6972,spam
6973,spam
6974,spam
6975,spam
6976,spam
6977,spam
6978,spam
6979,spam
6980,spam
6981,spam
6982,spam
6983,spam
6984,spam
6985,spam
6986,spam
6987,spam
6988,spam
6989,spam
6990,spam
6991,spam
6992,spam
6993,spam
6994,spam
6995,spam
6996,spam
6997,spam
6998,spam
6999,spam
7000,spam
7001,spam
7002,spam
7003,spam
7004,spam
7005,spam
7006,spam
7007,spam
7008,spam
7009,spam
7010,spam
7011,spam
7012,spam
7013,spam
7014,spam
7015,spam
7016,spam
7017,spam
7018,spam
7019,spam
7020,spam
7021,spam
7022,spam
7023,spam
7024,spam
7025,spam
7026,spam
7027,spam
7028,spam
7029,spam
7030,spam
7031,spam
7032,spam
7033,spam
7034,spam
7035,spam
7036,spam
7037,spam
7038,spam
7039,spam
7040,spam
7041,spam
7042,spam
7043,spam
7044,spam
7045,spam
7046,spam
7047,spam
7048,spam
7049,spam
7050,spam
7051,spam
7052,spam
7053,spam
7054,spam
7055,spam
7056,spam
7057,spam
7058,spam
7059,spam
7060,spam
7061,spam
7062,spam
7063,spam
7064,spam
7065,spam
7066,spam
7067,spam
7068,spam
7069,spam
7070,spam
7071,spam
7072,spam
7073,spam
7074,spam
7075,spam
7076,spam
7077,spam
7078,spam
7079,spam
7080,spam
7081,spam
7082,spam
7083,spam
7084,spam
7085,spam
7086,spam
7087,spam
7088,spam
7089,spam
7090,spam
7091,spam
7092,spam
7093,spam
7094,spam
7095,spam
7096,spam
7097,spam
7098,spam
7099,spam
7100,spam
7101,spam
7102,spam
7103,spam
7104,spam
7105,spam
7106,spam
7107,spam
7108,spam
7109,spam
7110,spam
7111,spam
7112,spam
7113,spam
7114,spam
7115,spam
7116,spam
7117,spam
7118,spam
7119,spam
7120,spam
7121,spam
7122,spam
7123,spam
7124,spam
7125,spam
7126,spam
7127,spam
7128,spam
7129,spam
7130,spam
7131,spam
7132,spam
7133,spam
7134,spam
7135,spam
7136,spam
7137,spam
7138,spam
7139,spam
7140,spam
7141,spam
7142,spam
7143,spam
7144,spam
7145,spam
7146,spam
7147,spam
7148,spam
7149,spam
7150,spam
7151,spam
7152,spam
7153,spam
7154,spam
7155,spam
7156,spam
7157,spam
7158,spam
7159,spam
7160,spam
7161,spam
7162,spam
7163,spam
7164,spam
7165,spam
7166,spam
7167,spam
7168,spam
7169,spam
7170,spam
7171,spam
7172,spam
7173,spam
7174,spam
7175,spam
7176,spam
7177,spam
7178,spam
7179,spam
7180,spam
7181,spam
7182,spam
7183,spam
7184,spam
7185,spam
7186,spam
7187,spam
7188,spam
7189,spam
7190,spam
7191,spam
7192,spam
7193,spam
7194,spam
7195,spam
7196,spam
7197,spam
7198,spam
7199,spam
7200,spam
7201,spam
7202,spam
7203,spam
7204,spam
7205,spam
7206,spam
7207,spam
7208,spam
7209,spam
7210,spam
7211,spam
7212,spam
7213,spam
7214,spam
7215,spam
7216,spam
7217,spam
7218,spam
7219,spam
7220,spam
7221,spam
7222,spam
7223,spam
7224,spam
7225,spam
7226,spam
7227,spam
7228,spam
7229,spam
7230,spam
7231,spam
7232,spam
7233,spam
7234,spam
7235,spam
7236,spam
7237,spam
7238,spam
7239,spam
7240,spam
7241,spam
7242,spam
7243,spam
7244,spam
7245,spam
7246,spam
7247,spam
7248,spam
7249,spam
7250,spam
7251,spam
7252,spam
7253,spam
7254,spam
7255,spam
7256,spam
7257,spam
7258,spam
7259,spam
7260,spam
7261,spam
7262,spam
7263,spam
7264,spam
7265,spam
7266,spam
7267,spam
7268,spam
7269,spam
7270,spam
7271,spam
7272,spam
7273,spam
7274,spam
7275,spam
7276,spam
7277,spam
7278,spam
7279,spam
7280,spam
7281,spam
7282,spam
7283,spam
7284,spam
7285,spam
7286,spam
7287,spam
7288,spam
7289,spam
7290,spam
7291,spam
7292,spam
7293,spam
7294,spam
7295,spam
7296,spam
7297,spam
7298,spam
7299,spam
7300,spam
7301,spam
7302,spam
7303,spam
7304,spam
7305,spam
7306,spam
7307,spam
7308,spam
7309,spam
7310,spam
7311,spam
7312,spam
7313,spam
7314,spam
7315,spam
7316,spam
7317,spam
7318,spam
7319,spam
7320,spam
7321,spam
7322,spam
7323,spam
7324,spam
7325,spam
7326,spam
7327,spam
7328,spam
7329,spam
7330,spam
7331,spam
7332,spam
7333,spam
7334,spam
7335,spam
7336,spam
7337,spam
7338,spam
7339,spam
7340,spam
7341,spam
7342,spam
7343,spam
7344,spam
7345,spam
7346,spam
7347,spam
7348,spam
7349,spam
7350,spam
7351,spam
7352,spam
7353,spam
7354,spam
7355,spam
7356,spam
7357,spam
7358,spam
7359,spam
7360,spam
7361,spam
7362,spam
7363,spam
7364,spam
7365,spam
7366,spam
7367,spam
7368,spam
7369,spam
7370,spam
7371,spam
7372,spam
7373,spam
7374,spam
7375,spam
7376,spam
7377,spam
7378,spam
7379,spam
7380,spam
7381,spam
7382,spam
7383,spam
7384,spam
7385,spam
7386,spam
7387,spam
7388,spam
7389,spam
7390,spam
7391,spam
7392,spam
7393,spam
7394,spam
7395,spam
7396,spam
7397,spam
7398,spam
7399,spam
7400,spam
7401,spam
7402,spam
7403,spam
7404,spam
7405,spam
7406,spam
7407,spam
7408,spam
7409,spam
7410,spam
7411,spam
7412,spam
7413,spam
7414,spam
7415,spam
7416,spam
7417,spam
7418,spam
7419,spam
7420,spam
7421,spam
7422,spam
7423,spam
7424,spam
7425,spam
7426,spam
7427,spam
7428,spam
7429,spam
7430,spam
7431,spam
7432,spam
7433,spam
7434,spam
7435,spam
7436,spam
7437,spam
7438,spam
7439,spam
7440,spam
7441,spam
7442,spam
7443,spam
7444,spam
7445,spam
7446,spam
7447,spam
7448,spam
7449,spam
7450,spam
7451,spam
7452,spam
7453,spam
7454,spam
7455,spam
7456,spam
7457,spam
7458,spam
7459,spam
7460,spam
7461,spam
7462,spam
7463,spam
7464,spam
7465,spam
7466,spam
7467,spam
7468,spam
7469,spam
7470,spam
7471,spam
7472,spam
7473,spam
7474,spam
7475,spam
7476,spam
7477,spam
7478,spam
7479,spam
7480,spam
7481,spam
7482,spam
7483,spam
7484,spam
7485,spam
7486,spam
7487,spam
7488,spam
7489,spam
7490,spam
7491,spam
7492,spam
7493,spam
7494,spam
7495,spam
7496,spam
7497,spam
7498,spam
7499,spam
7500,spam
